{
	"8ej4XVXA8tsY1kE9r4zg1h1SDzasoSeK6LXSbb6rRi4S": {
		"amount": 1,
		"mints": [
			"GdAmqb8NsYD4SvHh6GuyPzzrUzaiF84CtK3WKKQuqUnc"
		]
	},
	"FhsZfLwsCKPn3qtEyKcActagQKwDCEhciMiFse9qiMzg": {
		"amount": 1,
		"mints": [
			"BVLUaGLtLTpLVLjTeZw1uHfBYrqQy5NYFck7YYd2HzGV"
		]
	},
	"52h8tfjsUYd5GPT7Yo9KWgWUZqi5mpdMx6ChPUpasMEk": {
		"amount": 1,
		"mints": [
			"BT7nv67GBSRznA8j17zzeNrUybgCGzy4Kzbjp52NvXyD"
		]
	},
	"7mKVZUucgj161odTzpLc3pRNozZFxHoxzcBQNZaceae3": {
		"amount": 1,
		"mints": [
			"GUpe6WzMxCGhjTgH5ubQvKU63TVf7VFJpb6GLDA5xerk"
		]
	},
	"4EumRbDH6uGk47X1pgWgkXpMfgHC9G7h5tPwx98XtoTA": {
		"amount": 5,
		"mints": [
			"HW9fbSLBtqFdN8kdC7f9ZUcuMoDpjxjjmZHRNVnUuLCM",
			"HFmKDmk9RcF5Zd6h2EeWctZU8XajKWDoBKc1Lu2SveGR",
			"Rq1ArzXGCs6XAEzrmLuA25WNhDtjSMTRypoNNJmNvk1",
			"D3h73jSBoXHZ691R9Z2B69XRyzanDAigjmPfqMzdeUAP",
			"3QBWnmfs4gHzkxR2PhrCD1NEMdZXSQw3Tj4rgmUuNDhN"
		]
	},
	"D7fAdd1PgdQeehrFDTAvZvo5tkfPK5EHQtXmZW5yNy9t": {
		"amount": 6,
		"mints": [
			"8jottCUSff3BFysiWX6RkCyrq7TDFYSBDUTaS1vsZ39C",
			"CGMu6x9ywSzyihiSvFdM6pnyJ7ML7joZhKDYABvUeUN8",
			"jzF32Qbu7Nz38JNdQThctuk98jPrkMTQQZQs972zYES",
			"C6brbzJWMgp8cSuBFK1x9S35HqqvqCmQFWnxtAj7RqaL",
			"FgK63hyNX8d9Zq7aGCp7XcmpXgzvkH7mnKqnqr6dyq9",
			"65cgg97vCXauffJigUPFMycwwkfbjjGGuG6VBo9HJ7Z7"
		]
	},
	"CU3nJq2JCeMJni7m4riNU1ZHhqNec3Qa9Z9BLRhjpQQM": {
		"amount": 6,
		"mints": [
			"BEbopei61edQKJBGwGwkcUZAXYPkCJjenGbsxmqdEATs",
			"5mgHvjEXGp39pmcFzipVkM5Ph54pSoSpRCRseNxLLk6b",
			"5ituuiKm3zdC357RWhD9kx98twgzZ7nsRa2Lm47PC7Mx",
			"GZoxzyohWxFHgwGHQjwMCBtnbzzhrBpQhu8jnh83tRkg",
			"2ERYAuzpokCCg8gKiNyWM7tpr2c5hgLEKeyePAMxATXc",
			"GJhS6pD2XDxWb4DwHzea2K62R1CLumEtZFXBAyeR6c5E"
		]
	},
	"6ztR8A2G5tpoWDgu5S58ZVdjj8sfhZjEm97tWKpF3Zaa": {
		"amount": 1,
		"mints": [
			"BAjQsmoKH9mF7Bpn422msn2T9dbW2uzGJgNJfJ6W6XNo"
		]
	},
	"E2vYxKMmn31AB7SDFqyc3RizH1eVTyyMwtakZsyBDhi2": {
		"amount": 1,
		"mints": [
			"FYAxbwXAweeX5gbWHEpC3rg3p3L7SxN7jJgEF5H593gu"
		]
	},
	"J5rrngVpoJhdht1my3ghA866Sxj39495UB8hkd6uyUv9": {
		"amount": 2,
		"mints": [
			"GHmKZoWjzE3DrfubStqYHbfaaevK6DA5RRa9uBFyeZ1K",
			"6XkjC2tgbmssuCrzgohSALvRoc6EnCYUF6QWiUFT1FjK"
		]
	},
	"4YzbvfkRkhH74ZKtiXT9mWB8ViXLDG62PAtZgn7PRWeT": {
		"amount": 5,
		"mints": [
			"Hv6wMkrUk597FJpK5WxAtiqWrLLk2EWYDP6jGhgKTq6P",
			"84EAvfQaC3KxUFxeLyJEyvNT8fv6UoRRMYRensbumXu8",
			"3JCM7HYr3MNPKb4Y2poerhZhoMmxZbBDreyJvV7AKHuN",
			"FmyF42AsNtD94y8QiQzYHFJjHcGsozsehjYSTq2cMoBC",
			"8SzZRDQ37y5uhyFGpkYyTP9M2DmNBEVo4m926sLWEHPg"
		]
	},
	"674KwksVSQCnEw4Apw8gTsHf6JA2xVLYxnXoPXSZJtxq": {
		"amount": 7,
		"mints": [
			"BmxcXvDevPh1egSmy7s6z938o2aktdsVN6fEfKGyrRpR",
			"GxhGNqgANUHo68LQ7Qd2ksfyZv9zCJfpXVSrhHkZajC3",
			"AXEXFD8n1W5EuzsryhKs1R3t8auevqacMfgwPV1f7sZh",
			"CkBJoeiqpTquh86Pc2aifEeaNMxNPGPEdVnSDEw3de3i",
			"DtcoUi24mKpXuS8UDm7WvjZnXh3wJRQB3weYvM6RJkGN",
			"7bpEiL3iDZdnnK782kWYCiWEZXHxaRJTazRGUoRpWKM7",
			"A4osBMLAM9cmrn62Cid3C5tjp5LVGUDDEjB8LQVHpXwX"
		]
	},
	"FUUZvToTbWBY7xmppHN6D6hxr6xXAnJjR6q6fZiHy6Ws": {
		"amount": 2,
		"mints": [
			"9JuzQbHwHxMWdj5Qe93TyvQmaUTa5tpYg2RQEuqX5W8h",
			"HH3St6AEYkmfXmLHsQXorNUSvRENYxM89qQrSCN8se4X"
		]
	},
	"CM5GJyJWgYb8wTHVG2AzcvNY36Zf97NprBaYnN1qDbhZ": {
		"amount": 1,
		"mints": [
			"Do5iEZFmhZCWiGP8uXrwJAWWpx12nyhNemm3QyHtwKBr"
		]
	},
	"3VRxLHWzJmagCYY2c6TJxhm5iu1iuEPp1BDDwGbWtadE": {
		"amount": 2,
		"mints": [
			"ED2hheQMZ9U78uazW8wWpRdnnz9hECvG72a8TMdUw32X",
			"FiUEXiPaJE2ds1Rj7HEfvzLwmRiaMZBLWxSMCfwXZUkS"
		]
	},
	"CXBrm7omKdwruk8V2skadhrwZGu2W1FF4R5hWMCe2j5Y": {
		"amount": 5,
		"mints": [
			"C9HQZ9MUMVpMhYMfbCaToQJH9AApNjiGTaHTs5wnaZUm",
			"EjiPUfmjHxCvM5TwhAPqTZbJKJj2hTcVz4rRNFVikyyq",
			"J14YDdbRh1NmHHNwKep4i5yPVa1pUgs9APRQF8Wv2Kqz",
			"H3sy5Ap6hyywRmCY6yWR7GQ7A76qcB5X53SQ8TbBit8W",
			"7obKakRMWZyUCMUAte5ywZ6UC8R147AFzDnuKTAY4oiS"
		]
	},
	"8hoWKHfMzLD1UMGbhBv7x4QrkP2yYgyWVskpu6bGFFUK": {
		"amount": 42,
		"mints": [
			"5tQSf7KeDQGNYbsTrebVwQsMX9pBrjuT9C9fVwPhdiJ3",
			"8agkoAoxENs941zerzFGac3kKEzEXHBMc1n25ZxRYd54",
			"39K81ynRJCb8Jdap5Y7hyHWrW92XGh8FybJEuH1hvKC5",
			"5TSfGZWVCkw6onLGZM3f6b4fXZPSGPgkE7XhamjscL5e",
			"Ee477vYjHqhiZCLmhtuPX5KtePwRasMDR3RYc5xPAoiL",
			"Ee3oCyd67pEsck1j68CYinxVxxrrWdo9Ufpr5cynLdWL",
			"HeVX5eCK91gfLrbcA2FFCnB657N6sVpZiQ3UEgrhnJqu",
			"AJBFXJaML8WeQR1k1M7CMqQ63KvXEAFVSTfy9nuCTD1J",
			"G2T95yrB1ViLJJQrN2ABmUq3ncvHLZfAzKL4sfkuRqzr",
			"8evTCQrwHiRe6vPgU1qC9mhq5WyyQWgzyCubo9VVnLMS",
			"GnYzK3ixEcZaR8AUgKbBB1tUCmajZ5H4vMd2ViFfQLEq",
			"HCncGcmpoGruvrFuGnshb1zXQPmk78hJQbWw91CsfkBq",
			"9jKXoiUDii1SLzjxmdCDs5N7Fg4tphBajAYJUxii1dJC",
			"FHu43aiFPJVy5SXddUt2X8r7Kpda25iRA4Xtoc3Y6ofN",
			"2GgbM2PELyzsqPKA9xYWL4s2VwBtefBfnkh6Yia6hp4o",
			"DLcaBZEG2mMY4ie2dyzfVpsB4C4U4Bvqc3cK51SsEduG",
			"D2JQCVwd9JTDHnJrQW9P79UeT2Xk37ysFUd1KRBVpWtN",
			"6ciTeRYDfEXnbYGWbFm8JYqtriFw1rnb4G2VgT85Fkz8",
			"FgKEGQHMtnt7vFhSHpcrtkT3qiSrgH2xnhquDDpFAmWj",
			"HTZ3rUQbqSbQhgQBbAmNNLTMYEmjzAGE8baraG1Zfm8o",
			"JBZk9QTNvFYyBMM4d8EpFFTZRST2BhJKNdk5pzt6JRZ1",
			"6VKQdEtX8P2JCD76Q8gtx1JXTeSBy3Gb2wD4MnoNPBtK",
			"HwN8r31MDYat9GRVMy2TNvFD47UMeGHqfyCX547aegny",
			"6T9DvGyToc5ZTz5VccVwXiTeeQCXR543RsZhcgpGtdvd",
			"6vjzmSu8rHZsmBuDKzCcPpcVszWo1JXR9epvXksBpYmH",
			"LHj2L5dtunKtbaPb5AqvzbQLTkWpTFKcaEyo7EcxizJ",
			"FTEzicHu8Eh6AjP43iRdutGKVNQe7VKTxkedEH6CX9Yb",
			"5vY3k49TnJkWvyYXvNtg5PzifScdUsb37FW7eS41Jdyc",
			"BBtjuRN4SvF6KVXBzZ5br6g3jxFNf6WAoQi5PNug6Kuu",
			"Daed7uu2YrAHMVmwMnTApfykizdkqyhLqBGx32wcfU8r",
			"Fp5CMTCd3sNLyPAy7KSk3MaPhUBycRQQ4aRisV7UxkZS",
			"HJ7ArhXT7d5PHoinWCFFAXQvk9ohvN5LdcxsKweJkxuz",
			"8ir25EzHFM8ijDKUBkHooENVXnjTUxU4M7AsJmcpYesy",
			"4dKnV3jg4EjxpEoqrYb6gdPaG119EgyQd4Kc3xrH2Fjj",
			"BFVtoew5BaNC8re9q72XoLgr9kbyJML39NtfEx9K4peX",
			"7s2AMT7qJFtFX1CKzbDm9786tSMt6ZCq5q4WXbVzKKJ7",
			"3dyZjuvG7ygaHTZBBVUZ3g3hg852kWwML491ngsXakwN",
			"Chm3qLCZJ8LCThJNd8HgasfAsa8di7NQBWVRVxhuZcxW",
			"9WDZqdbjFGbQBhh5NeZk8wjSRZkCv3FQnMpVBMrijqMz",
			"G5YdKjGA3MCzLK2DASjieXVxDtmKqmjWkggW5F2ZQtMZ",
			"ASB4nnLaS751npPar9PpaM4gU9QUDjRh7RgjuF8D6TAY",
			"HS2wVNnX4koWvRYbXFwtQ6fd1MDdibn48M9eF5rmSn4V"
		]
	},
	"77tT1zdjizqnauYUgGQQuQRrz3spbhYB2LKdnzL1dNn": {
		"amount": 2,
		"mints": [
			"DVobmkBcdSQse21W6iE19vWRztSGt6Npo5JPhJirYudT",
			"QPVE3vE8PjhmtrrwDxo5Sr329n9W8hv8hEPHKFm8Etn"
		]
	},
	"uhZWsK1qGEWkh6S1urmuMUnK2v6frfRqift4rpKQQJb": {
		"amount": 2,
		"mints": [
			"7YAgdvYeZJD2Ph9aY9LbxbEYz3X1oL9vnkJFX6yxeTTE",
			"3j5CmRxEz5CG4QSi4WPkvACr9MvCjBG5Dn9ghHjqU54F"
		]
	},
	"6cddBwJaBguokkBmYVnCD3iK396AFYjL1V2FgPptYMyt": {
		"amount": 1,
		"mints": [
			"ExthDDDookcGbHctNHXs56YkhrGQUKg7VWvH6B5iintB"
		]
	},
	"BkwMVf3UTgWo7AnLdqjCYvemME1zy2JcQFgdz1KxpofR": {
		"amount": 3,
		"mints": [
			"HYRCzzU4XbTDwQ87Nsb5TyYd9Xzp5sY1xyF5fWkuevw3",
			"B7iZuargVF12nw43kTeiz4abyArgGyf7QGLUodhtZ8Tn",
			"HToHwqwcCR1sTGmupd7qFTKKBCnUihzT6qM7BTi91QVs"
		]
	},
	"EgHGoLcNRy5Jjau7z1h6Ch2atQCq8HbHPeC9FrLwVE1C": {
		"amount": 1,
		"mints": [
			"2kWwxchvmaa8qRjsoAzY8mqnJVf22jkpuPGybLhRpMcp"
		]
	},
	"BE38tdi21cKGVjJ97o77NwvNU4uH4RMEQLgRCggx3iMV": {
		"amount": 1,
		"mints": [
			"CwTh7jy1erpVAFkVg2BvyfAFtLY12P5gnKAfWWdFBkz3"
		]
	},
	"AW7ETxjqFJ6p2if3hkrE5uumpVwNeRXzHmdkg9kJWhCq": {
		"amount": 3,
		"mints": [
			"Be63ro6XrJSv6WAKzL76ZB6K8q8XxefzAwWJHUN2EWpo",
			"9UyCzbSnw54qQ3WFhRgeNydUbUysyxdGKbkstwnbiaBP",
			"Atr7rH7Cj3haHdVftcEEvGtFVBGKPmZTejnPS8d3XWc"
		]
	},
	"2cjGK2nUvsyWAaKvjQdSuySZP3J4od91KKmejDyo4du8": {
		"amount": 1,
		"mints": [
			"J9CDsvpEukTShrCyb6dfVUNRwxWcG3Gtedntm9PWoNyT"
		]
	},
	"9hEwckkenNmqiYWqJ3gn5RxE4bYXvbBvzG5ZPdqL4JZq": {
		"amount": 5,
		"mints": [
			"5bK8vghHKobZGznmnMpsn3J4wNNjqM9kC1bFG3t35yUs",
			"CqtKcTBjk8PjwHjBLyYDqKFoU25T7fY2RzRLPGZQ5fZb",
			"GuGia4YrzGKeiT9Dd6Mze5cFyF3SH2nS4c2uLoWfgpRx",
			"G7PzC9JHunApxzbpnW2FD9WRC4PkqkQhESZ6tkHXeqdk",
			"87wZngM6V7syrMtnxS1a1MSFy4KwveEaGjBEY9nqyXYz"
		]
	},
	"B7YLxDAeXVPHaibsBbR9MsEzRewHNffy7KyBMRmdrDQF": {
		"amount": 1,
		"mints": [
			"27WaSa8ypM6SXckf1qHTeXkSq8H2crrJooLLwCBz5ryD"
		]
	},
	"E8k5GaajsDozbKagP1RZFgYu4rsGaibjuLUQD5dEabES": {
		"amount": 2,
		"mints": [
			"hDeeWMUxa1pKV6iFKwCtgRarNgHT4znxYWnFy3wvCqW",
			"HQGFYWrcTvu1Zy6Tq4YfCExgDzqoRwgbXhy69yTS2p8x"
		]
	},
	"9N7YkXdpssYxmh1UyL9cVwRJDsV7X2saimCuRz9WkVdQ": {
		"amount": 10,
		"mints": [
			"8Tkqui3mAW4xgA66bqVudyrMmDrH7DiYKUfkRGCQ8qCQ",
			"Ef4y81FNERR4U4VJJhAzSiyCPWX3aEk6EE3x21MKmYpG",
			"Fp3AoL3Gn5W6nKTmakNtL2DRAP2F9MhWctUJXnBwhSuj",
			"HhSV9x4MuhS8BmKRXxZr3V8dcXtTctb3g1EpC7SkdCFN",
			"FQVgTdExbQRfqW8G7jfZqNb6DybSxFFtLX8WHqUJkgrJ",
			"ArjFcBCDvmErTTqeBfdZG8kWNUeeB2NiY4ZagGAADBLo",
			"7ojNgJxu7kK62SJJKZFjt7qbe3SYwZ1mUisA5drHoEo7",
			"6c4geVhsbXbU3KXuU1gcWsTX5H7S8RC2W1qqqd1nTVAz",
			"BEUS3o2mCZzS29qmdKScZsXbnCX7RqwmD9wvXSqTTCvf",
			"6J68g6FoAhoxBChoVf6zT76UnqBxPT55wa516tSJP5LC"
		]
	},
	"CamaCejnjurFQ8K5D3nGuKaSgRWuMdDbXjXznEgHm4ih": {
		"amount": 8,
		"mints": [
			"7nxc5g8BNCvodeeLfTxJAfng86FhuRfWqoX6EsBbfiR1",
			"9L4qnTa9way9YpGBXCsseGSC3vDqWvJbC8S3sfr9DJ8p",
			"HMujRwojuWsewZXEBRUN2ogoU5wCgGYAMZTLtP4MwmPe",
			"7qP8Xk2ShNBZEY7LVxE1eFiQPMe8J6jho2M88LJ3xi1o",
			"EP7P33tnoEEGKCsRPDDfEewyy6AyqwZYFkt5fRBnPLny",
			"CT2bmhiBhiu8kqLkKiSJ7Q7VqRg5rhAbH2qxHfVR5cms",
			"2hDH6VPSvfjxHUbzjf7TkV4fd1FpjiU2iSmzdG2SJXDt",
			"HygmBVNcTpYDN2SXiPijy1uUmPSV4SvZhgJwWwSZNEGZ"
		]
	},
	"BhTuFEjnfR4KJ5pctCaZtCoAdih7dDiHskywjJpGMJun": {
		"amount": 2,
		"mints": [
			"7MqHah3inBbcaxqHcZ5Yu171At7PcZZA2WVvn3Bv5LGw",
			"12Y3seJiSFizzSvbnnzHyBQZj7U5hdzeCvhU8SxFPA6w"
		]
	},
	"5UxB1w9jyuum5ynW32XXSpsDTxFyvvVDewVznZkxPPZQ": {
		"amount": 1,
		"mints": [
			"8rDGj9AmbyFcT9i6nk4RzBaTnoVCovMJeeNoNBYZYPU7"
		]
	},
	"3Paa1hjqg24W5fMBoYvD7Pp2LgU4rFEfHH4EciCenkgy": {
		"amount": 10,
		"mints": [
			"ByfyFdL6X6NRYLb9fLDWCTMTZLPQpNfngfukvCHBmWFn",
			"8T6Hjawz5Ezwcjg17iuHF1JvySziT8VkG7g1wrXSAcjw",
			"4tUgjAj9p3VhDPNRPGBdn1dZNqUUHvCF2FadY6WeepuX",
			"68gRyntDncaAfBaNw6AZRyQ9LUm5RjN8ydQnTwLqA2QX",
			"5cxPykXwazsth92gsuwxQugUeXNSbJzy6smcSh9BRrr",
			"J4Crvbis4u1J3fcySLJU8ZpJvQGzB6XgAx3aH13NmsCH",
			"HthA8g387cvySJMdwMxZoAw4ScRUcFYmVuq73Av5pNmC",
			"7B1Bar53XajrGBRYp5jzGMqSwRZ6dJYjCf1zVaPHGgHL",
			"5KTStpELHeuCuvowUkfrA5QLgiGiBqJV8E1akdN43PTU",
			"89CQu9UzbbdFWYGASjySR6seCBG38ccXbgTVi6rgS3ud"
		]
	},
	"Gzj2oAHvfaqtzd2uqekTKjNBMxuGe3szHEvNKef1573F": {
		"amount": 20,
		"mints": [
			"6aRRq3PMQQcRMFeRVn4Rkpb9dJDd6TZA6Y6T9LEH9D1M",
			"9cEpaTef8wuNZr3BGhiXoa7VX5mnycBMsVdkHQtQEKv8",
			"6N9k7p1udgW8hHPSUJaW6ATM1b2b1uCHdKuXFHKGY3jZ",
			"AzHmZFZDrxTSB6JRzxL238cmQ3X5ikijGKmCzZ7vUcGE",
			"7kXfiztUnMhn7wCKWUUf7d21pLFtGjGcfa3Bcsp5xxvP",
			"5iCkAQ9thocCWG5LNHQtmo6FbrDfMnDUYFzzxjF1Ytds",
			"Gq9SVRXcQ3P5Wnc98NvzBWTgzuQdq9D7HqSKp7NyQFL9",
			"HwprrYC76rmKAVwfW3NiZXhtonWuRgodZR7AzAxUwPig",
			"2UWieYnJAjxjcwtbFi7KYhm6aEg9XJ26LZ37RWitagGT",
			"9BYTxAas92mN9pbMNdARSrS44tSjoEezg9F3X723if7M",
			"Fk7A2N8u58RUbqWtG8TaXy56jRQubyHgreVDutTaDw45",
			"3Y1vcLoNNobazoQkDmWMNinoar8po8anHmSGYacvUfPV",
			"BR9cjGEa3p24jZ2taGuGpdw4tMYhJ9Nrewi3avJHFBbC",
			"8RZRU37hxckSa56saW4ACpEFyDroirxgCUqYFwCwLKgN",
			"5ysGEavcS4Wdmbanhx9QBcKUqXVVb9ohq7Q9Mrgwv6Wr",
			"5RFz9gZ77SMHn4rL8JJECBGLvxKD5ei5jDrR7iUyXNpo",
			"4drheq4EACFjwhhJYLwnQW6DhYf9nrYD5xz8SotFQtZc",
			"4d2ACKnzxndnETuahqEwj9etYzJ9F7WuS7kP6pXdEnc9",
			"Cn3UKvdUtWnsYqYQPVfecdoDmrrebyWZqQUCDRwpvxeF",
			"DoUPrmXBSZPYKJDstLdZaUHL2HLN6asAZoqmHn2EQAAK"
		]
	},
	"ALhL3bQGWc56x39XmobQNTLDKpaEqYRuNxZy46A1azmp": {
		"amount": 12,
		"mints": [
			"B8U5Kki5jCKzyWyHVVCguYmnvRYvxzcxXSp7nhRn8jo3",
			"3eNimbn81CtrzUqSFxrXBPDAo3dLENxtGnhPAstZ7eQj",
			"GojXKsVEbEWphPLUUX3iCRJyRzTDJKDkE1e8ePdoSe4N",
			"3DoWnGKeds1KKHyfoto2pqGsSfzag4tGuoQDymLJ14AB",
			"7tkvH2V3bQaAjxYADLc2RZHqdBadQHWjQk4BYCLiiQw8",
			"HMcPZGdxuh1YXdayEVebdKd4P2B5iBZaNcHAVTusWcA3",
			"7JknEduRXDuqV1v6Y1yaQApxqV294djgqndZdveCnKfA",
			"3YUfJu6xeqbXZZ9bfMA15HmRxrNiCe5989DWnY2s1UKT",
			"44nwosE4dYb4zWDRuu4QZqVTv5Su23gbJbCwXaThhvAh",
			"9eDXvNrLunWS2N9fC28WmUnas5eWK889DfZ7oaaN3oXG",
			"AjHCwVT4ohCa6VAFUM5Mxrqb5jvGmKaErUT83K7mDQyK",
			"FdpUPfknpjKvt8PeQKGdzHcbQCsVPDFRfjcgnD1TnxoC"
		]
	},
	"APFw3wFkpC7Ekpi7QeBQmczuytRA2HRMrYgbG59somPx": {
		"amount": 2,
		"mints": [
			"2TLcaDkKMnfFEAHqxzAFmMGMsxbNFc1jQRDAKFU8Eywf",
			"4EzPFRoope8uVkTAkxqYALMxVAK6RRxCm41duCadaFX5"
		]
	},
	"GwfFuzUTSoutV4CbAvSbPn1e5DNjKaZnEw9W28pF5PfQ": {
		"amount": 1,
		"mints": [
			"EwUvssNKHKdafzu37CVFBMAxeFwJPyqepyDfFE7s28Mh"
		]
	},
	"3vJiHZBMgnf8uFf2AwYRTHuh6X4GW8VFeL8qbiRWWz2S": {
		"amount": 2,
		"mints": [
			"CEmsRmgjRRGtKvkhZiHPG4TpCnfp9SaNhQWSHvjGCjvS",
			"HRn8rN9WUrp2xVXBxx6VNVA2GoD4LhGPynVDjvDdsqY4"
		]
	},
	"4YTGR9S1wHYM5zeH7uNWpXLyFYXef5WCCCdKF3eDD9SM": {
		"amount": 11,
		"mints": [
			"Gpn2zZJpz5J3T5biMFVrdVZs2iZRDVt3WirGX8ATxBnM",
			"Cyi3DnjYCxGmzPB5s7TNaTSfacfb2PHTcyTKT4psqCDq",
			"9wsuFJ3Tdp8dQQuofhq2jg667hAfWnARXszCvALjfmmv",
			"QMHiNkrrWtJz42By3RuUUjbdq34kymzPW7TfBVyrsXW",
			"Dvc23ZUA6sVaSRiVwvsBirKxpvjtrxmgHuzJG49CBQk2",
			"3JQwA6TJtadB4DWmGdCtDgMhqGXrfVtpxu3wN3whXq6S",
			"81JDUJpdajYd4Ko19hAfYZ5NkvoB6aXRpMbDmsymERKS",
			"8kKjmjKRXurMfWZPcA4m9vDhmjZ6ic197eEohW7PvwdE",
			"DDe2yHoSE2nesMPC93LqdtyWSDehni9vPXe1UyLUAvBF",
			"5M2iqq2qaFJQcfeymwdqJCiokc5rLSJLJHpFjTFpgAZZ",
			"4Le8W9VsAMq4JLArURAWYWuAMWxmqHjQgfU55sHnzkca"
		]
	},
	"7WBmHUDmiGsPjdgQyZjj7TtC3FoCPZFijoM3tWzgqRMa": {
		"amount": 2,
		"mints": [
			"9zYgtCLg1dRgdPNLZSh8RFgcadahWGezK3YJeRTgxXt7",
			"5cAhxUzMuD3c1nBf93hX3wjKP7vHowyZvDBiUnG2y3BP"
		]
	},
	"BZovjPpVxecUGZu96kaBKefejKEaSUK4LK2xMP734nFj": {
		"amount": 1,
		"mints": [
			"78n3YV2eU2TaWo34zSR1fhrizLPgdmJM5D64sa9bFVqC"
		]
	},
	"GADX48xEfxxhvZ3shvWu6aKGeYgcYdPWHN4QuPDmrSAG": {
		"amount": 2,
		"mints": [
			"4npJ74sasTJ3HipeACv8Kx6GkAHcp6U2MaZZ8PGsf15c",
			"FaiwuXgedmjm8BSHcUDW1TjzodR9zkWd1qNuHfr3tNq9"
		]
	},
	"3U2fnzvtGWjCGGGUVHQpcDy8o1v4KMZFqhdpqiiS2V1m": {
		"amount": 2,
		"mints": [
			"TAiN71Di78qdPb2hJoWso5RoxqoyHLV2t63eW7Z132W",
			"DsbNNSJfZwL4zHCv1mjqwJTo4jfBFjGbqiMj5yrxUVru"
		]
	},
	"GJaHiGR6ygzzZTcsn6n9QoXEc3xzTmJQhKeV6mZ1WSu4": {
		"amount": 1,
		"mints": [
			"TGqugyQQLhS1NYZkugXADGMMFyZsUzKpAvkUSsEDoFh"
		]
	},
	"3g1bjedykfZQEXcB6LTTzDxks4CcoWYZXTvMLfkydTvj": {
		"amount": 5,
		"mints": [
			"9dH55vRmfkx4DE8UMMYBYywtPpe5pRGK14qiwjNWugZ8",
			"EdhXsMM9kG7mFjutESSBDB1vzT73ZENdra2yCMiDjuRJ",
			"HGYDnRwiJSR1F5i98jZD4YN4LFKq6JdXirbrJKVzXdds",
			"3ERikDQbdDARVYSr6QoJma5pSXZJFRVmwkkuaXrC5oMj",
			"25UN6rnhyCnDhW42EJD35Vn1WG8WbHDt7ZmzFiZb6Hpz"
		]
	},
	"22t7NYq3LQus2sFTPpUv6xxFsfKBvgf8b9snwqmuZNGb": {
		"amount": 4,
		"mints": [
			"G16eYFQQqi4yMfNP5cYaBZu8NutLudrsVq6y6LrK9Fjo",
			"GhbXamzkGKvMGu8VXPX9HoqcXSNZoWv1fMRSohVpFJFV",
			"C1RLkaikEWYJLzbRqNW9HELfdTPinoA3dCc6AtoixZ38",
			"7LWrb5hnXAFmATpbA3LQeet3NbuvLqLHBPFafWanPrh3"
		]
	},
	"7PU2ZZN6ScNxKC3suh3ZPc2dZL162DH5PsRK7qTDbPqK": {
		"amount": 2,
		"mints": [
			"BeTbvR3pJQ3xBHdmvNk6KnxpFgUeT1yAifhyv5xieA4h",
			"9GUZgZRKSd4zyijkera1dKrWQvMogz2MJc6fRNFFKjeM"
		]
	},
	"4C38u6DTcfPuVAtVYMPAoY3PwJDsnHc2Mzm8svWiDHMB": {
		"amount": 4,
		"mints": [
			"AGMbZEBAPQS73hMsX8Q1L5P3FPgPrQvzRMk6rkfnyfiX",
			"F2uD4EuCbaUtgqM4phCPuJT8fzExMXdo1VJjzGyZGssQ",
			"CWWiUQLYzyEpou1LPS1X47rHntbVwKxMYuetC5VBAgAv",
			"6KuAof7yeMmguL67PJECGDiCeoQkYE9AW2e6N8xmmeJq"
		]
	},
	"GUMHDLYwGmxkKueEBqMHMCBWEv3yJPqHWHx4tVQt1xF5": {
		"amount": 6,
		"mints": [
			"AbBW8NaDTjFJs4A1XC65ZB838WbRFgfcNrdzxsNcD5ZV",
			"2KVegNe43bU8xYhoYRnk7VztaDB8N7HHpjDYzQfvh1rM",
			"4hjB5ZGKRANmas4QYVtfPUbrszV2MxRYayuBsgWFcRtx",
			"A7n8jvuovjqmtFxMAw6gQZLMwGnMyohcyKifxoqyJEjb",
			"GDJEDAixsq9GPuiZrZxBoRRpuDPgjis13pV4xVYHDNu6",
			"EagMYr93ErN9v7DmaHwJWApf4rFQfgHV2VgY9GpyMERQ"
		]
	},
	"9jpVekdjMQRtvdv9N7c8TANxeqmLhKJu3ciUjQ33k1as": {
		"amount": 2,
		"mints": [
			"68HvYtfDtVMjnmTj3JVaAJG6xPWJpGkqzXNeEDuGg7a2",
			"DmuhUuw2H6pu1Uj7rmLhveuxUXivtZnajvK21dx7uqjY"
		]
	},
	"EFZouxueKqCFqVFwJksZDZVtsTwhQDfrEKMjRdfXJ6bn": {
		"amount": 8,
		"mints": [
			"Gmd5xuvJb27YT5bifFngv2tKBD4hCN2SktFaT8pPrtc6",
			"DaWQA5tC5R3hS5ZeLPgD53qNSNgSvNQ6115D1XxkfubG",
			"Fz9QGS5i2SeWMDUi5dKr5PPnBXVo8CE5UvCGduhtRVQ9",
			"BJh99N1w553kTQueDsPQpf8QH9oUGZt4yM5YPKzTrZ44",
			"3aNu1wGqEFtz2kDnj3Y3JsVRsJhGU77Mq6UZJ9Ym4BmR",
			"H7bvZ3XXNV4wXd1zgxFhMfajgBMSKsM9fVxVLXsaBwv3",
			"BhmPCKXbHWf3BBtvUddpegnrcce73a2ay9KSp8rRMuQE",
			"BBcNZYWJbkJ8QaCzQDabk3n1kDbGasjRhZc6PyaGZMm7"
		]
	},
	"J6zALcoDwPj4dCKddaRnG7ocmgt53ME7xauPhei8WaN9": {
		"amount": 1,
		"mints": [
			"H7nJpVSc5nPgPEtEpEZbaHxxWA8mKMA1oeiax9FFb6Ln"
		]
	},
	"EMhCEdBfWW5MdABWdPaX2jkBKY874D5aQ5TiEo8hAApm": {
		"amount": 2,
		"mints": [
			"2eEjq58ehzRmu8Nh6eswCPTdD5XdesJXk7ajD1ziw2FG",
			"8XcH4ghkyBp9eBcjfYWcaEfhvSKH2fvY8r4VM65tMHcR"
		]
	},
	"AQJqtTJoZcqrNALkgqkjqFhnyF6mPNSS6vwdhcqWwrk": {
		"amount": 3,
		"mints": [
			"4jMDW8566bbCAU8ccBeXW1snguJs1FAVZvsGnYoD7Bzf",
			"3bfG7KMyomuHfskPUbv9imuKnacFphmL3kckUFpEzvmR",
			"Dsx8SWBRpfxYFLyVEeS6qaLWAGmXFctNBfTk8tBtgEyG"
		]
	},
	"AeXX9VhaB9tVv6Nv8A7gqquYRkXRacCx3PwooVd3fAad": {
		"amount": 10,
		"mints": [
			"94czNX6JstGZaz6x8PHEtakH6k4N3RBKGM8K4cJhBZiE",
			"A3zPRRJzu1AntVT5iYu72E4bo6bn95GkRSGXcnPVJ4Yw",
			"D6hbHgxd2rws2Qtqiumhd5RQtDhJ2q9MLTscF3agaCRE",
			"6YiTBRrgRc5EuKFLr3vHk96nwxuwPBnyNZGweofcBQ4k",
			"5jMcqMKz6NSMWvWQK3cpSEJJk1zGhFndnA6arm4sGmkh",
			"4fXnKh4GfKsu8KngrjoGVwGy1h1VeCKFYsNh8LeXg5Uz",
			"9bW42XTjQwgEfoNgyjMagQPFiFAfQbUQ9yygDDfkhckD",
			"3vAZZuzw3QNFiXzqzG3s7xQWncsm1i51J2bFkM1hHw3H",
			"655vgZ8tHSqcKRrgiME2ACgthSytTFx318sMgiFJFjkZ",
			"BVqSvYZbt2Gxjg34kjSniHWbQ9i5wBg4r2zq3kThTCKG"
		]
	},
	"6WhtjF1xZCngHiPFp6DEgJsKyGgQ5JciRaYPM7FwR1jQ": {
		"amount": 1,
		"mints": [
			"CNUm2KCyCTBF49aJCi3pCKeLWp3tWZDZr7PEdju7SGKD"
		]
	},
	"8D1Li4VW42J5HXJ5pZ2EZkvZBTbwp1rjwsp3bMqHzvt2": {
		"amount": 1,
		"mints": [
			"BQ5g7uRhK45aGgeCAzThmxvkM6j3KL1dKKTfBmQicaGM"
		]
	},
	"Ha3gSiMdJZtrvnBmAHbc5MUxq25qUUsneM1MzYY2ELSz": {
		"amount": 5,
		"mints": [
			"74MVpH44s3vj14wfLq91P2fh1SAUFUaEazeTzrT4ayaB",
			"HmzMHzTSefLDrSNtybueA2FUZh25nwZ3aP9WjYc8u4hc",
			"2Y8Wmm4EYoFfMaA9eaH2wHmfhJAJdDwyrbXb8YvQEVQz",
			"CS24EjzbTVewcxcMwiXAvwkJYqcEZzNZdu2yLsxUhj7h",
			"785oCAbnsPGvTW2aBxzJvmpN8WgAEhv6PkvvQcGXZ4gM"
		]
	},
	"Gq6K8GWMG6avskf9MjGJBKfK4Qk8KE8xi1FsJB1znAip": {
		"amount": 1,
		"mints": [
			"ApQHuvg5i517tXvpszgs2NzuafWfNcCRSiaJPDugLje2"
		]
	},
	"EZ73611FgXPhsodZRMdEfNGU8PNYEMnRN8dFcNWKaew4": {
		"amount": 2,
		"mints": [
			"Fbq5eZv8jhvbkWj8ACJ7Tz6yU5GPurr3PqNwafZkDBEg",
			"DuSDcnfkJvY2v5sjEyu3RaiksAiVy8RHFbnpABELTZL5"
		]
	},
	"DK5CsuRw1tfnFyKHrhFWajratvau6FErnKVe3gt6WVdH": {
		"amount": 1,
		"mints": [
			"Aw854XTEd96U6uhLacdgcZVQo8W9hy6hTz7zy7RdN3FX"
		]
	},
	"7a91XEuYBNjRwEuu75PoXaujhdGodduRptGU7wqft1W7": {
		"amount": 4,
		"mints": [
			"9ZnxCqA5boLmPmJs7gPZpK4cGGSZkKqM8s1m3xn163co",
			"CrMvPFcHGUiKsGt9pBUPuvPCB3VbRA8S2yLNYWfELd59",
			"9TNm2a4gyXdtEKXPGdbhpC8s2bHv6fbMms5TrSL8iiN9",
			"He5Xe6TQkvvDDRW7UKbpkCCJ56hLGeWWM29QAnyaQHia"
		]
	},
	"HTKg7QPHb2fZB6jHu2jDDAQsby8dBHQkHk7u7iJ2rcwc": {
		"amount": 3,
		"mints": [
			"BYjMKA9ET1iomMNt7M7RNMLMeZheo7RTUCnBBXSFnqj8",
			"9JhDELqZK2cRyjxkMUh6yscCC4N9pPh1xkw9oSCZmKX7",
			"ERzMEAEaQBcrs8n9APeiV1uVXHt9v5TXLKEJYSWZDJZd"
		]
	},
	"8dTnR3tc5k4skawH27GW1wxX8XrbKbbnRHdNoZRRKHz9": {
		"amount": 1,
		"mints": [
			"H6mRiWwK3znuRw3ZxQjyMEiczWZdE5StpPNLPjTRFHNX"
		]
	},
	"HrJoFxR4mm1Vef9yCCPUBSeoD9AErvbzwDr4m6jJWrVp": {
		"amount": 10,
		"mints": [
			"CiRQmhtuTNG9ApN3swENobwLoc9viHYakNkKPckveTi6",
			"GDeBWF6gfkm2yG8LgcHrxgfKHn1mebDVx6mMxAViA8nW",
			"4zCCfC8sKBdT7jYeAykriFFRKZFkFBuvn3oViVhEcirT",
			"CudqdJs4M3tQykLVZSpsfdVQ131KeZyotaook6uSH154",
			"ExHH9WehVP9dmoryp6LgFca2BWSBTHSq2W5q8xfJ14KL",
			"CD5dfLaHwpxcEJ5HWCLdaqrRo4bWp1FEjxpdusWUWvPV",
			"ERUn8uyS1VL1pNQKG5nQciHsZ157vPF7J4ubWfbGXngt",
			"7WGwRE4wXw8ibGapFtgMAg1rMMJpBKHikX1jkkrGAfP9",
			"2NDXxKC5K8TWz4nF4arjSYUpQMfBFN1hcQsjPGCJyFoV",
			"GEv6aCERU6nAc23gMeMrJjkNe1ZK5vmfowgEmh6tr66m"
		]
	},
	"21BcP77mwGF6gzxDfLGXYevs3NfJ7cmeE5jVqSFeWa7c": {
		"amount": 2,
		"mints": [
			"4geSSEdsb91K9HveiAtjJHi42rShZGVJNBpmaZmKERQn",
			"8mzqE8ZfwB7e7tApx5v3wHVQUxNC2ygoDaEkQryZDE8r"
		]
	},
	"FyM2C5b8rmXi9oFV74ghaNcHFFxfwCKtQnR9nD6qPnyi": {
		"amount": 5,
		"mints": [
			"FJiEzxtNV9ojAJooKzVW4jz2ch1BMj3KWQYcUmVrrcqZ",
			"4CFrGD4EMfP6nunnQwjnW7ejK44SSPrpKwBnMCViauiY",
			"7BUqE5mczVWBSwjCysHTkL72eGdyMg5PzpZHdCBx2JvU",
			"9ipzxwi154hbHBQoQBWckHimtnS7tpbnDJmuur3RNfX7",
			"7rM4QF43c5UfVCrHJk7XKo3YmS6MCTpaGm4SSHzQWjVU"
		]
	},
	"8DSQWHVZcD8XuqZTkDaax9DqTLyEcLWMo7fn6PTd7Rtw": {
		"amount": 1,
		"mints": [
			"Hwc2QNGSQdy3g1SiCSCCD78a4wD4cqNT6JCyHaPmQswf"
		]
	},
	"AJ3CbRrcStfNeVpfxS3RN31e7p848UbAHQoqTd6Gg73c": {
		"amount": 3,
		"mints": [
			"FzWnrLgicjyvCZ8Qq2zJer8go5d2uoCAQZKCLLYptedZ",
			"FVf7ihBa3fTh3JhzxCETrLUEin81XBbiuafqoMDU54ir",
			"7qe2iKxeZeTDzVRhFoWhN6Yx3kdpAK2h9e26ES1VVwfx"
		]
	},
	"FA4qZCBei2zAvhduDJHjcPVwZ9aQAMrno8hn3AcC6s8y": {
		"amount": 2,
		"mints": [
			"7dA2CkqjQuQUqhyhju5SNcdFJe3bvsQAS81gKKM2r3ef",
			"8nivEiFiTYaBzJiSRiSHQdR7sbccjPoWXfZAbREPy46H"
		]
	},
	"8V98j4xGca9CDC4H8uYiTyvZEuYkSjA4VLX9mytYPHc2": {
		"amount": 4,
		"mints": [
			"4N7HpRnN4zkVxkmYKf1yd5sWHtLcTzcpo2W57rbnLzfj",
			"FVQ1BQ9bzJPqaozcS1Ai5WThL3sytWZBi1M23ebo3eGt",
			"8LftWwCnyKNYCyyDzEYxaTtujSKgWZe1S5QMHKxUkHj7",
			"8FnZd9EsokTYgesJEKu3kCKjMc7RxxDkiAognnZ5MQ9u"
		]
	},
	"EYVaCnzPafaNJcn98EEeNYZrkonDbkqSik8soP2uK6KJ": {
		"amount": 1,
		"mints": [
			"452b1bHD5ogFdf2ECQiRs6f11f875rkc3FyxQwxKsGiY"
		]
	},
	"x3P6u5xuBBUu74m4sHpiVkDExx1EicRKRmW6zXkAB5P": {
		"amount": 2,
		"mints": [
			"AZYTYJ1c6Qn1qiEo5GgBc5dbKpVLCcvfhacFKp7h8Nne",
			"6kRVZV8RGUQtFpQgZHGwMSFPJRh6bfM8J5VULz5m8Wa7"
		]
	},
	"C4aebuDgEFpctfrQirNsodvtAimLxhgSB9iXfx3tTXcY": {
		"amount": 1,
		"mints": [
			"4x6qr4WeYxRqm2ZyaEx553AQNdtvy87BeHUMJKFmPjzV"
		]
	},
	"6EdYY2HdQF3r6L9DacMBhL3nuRobPypH6W6VUqmdF2Ji": {
		"amount": 1,
		"mints": [
			"8LkiTRSqFKXGGvjtwDZfvo1bj2EUG1YzPLsxzDBjMHVM"
		]
	},
	"3Hh2YWfqFbgreKbsZTog9yaVCpXh1a9siq5BkSf954kz": {
		"amount": 1,
		"mints": [
			"DapwtYNhomhWvztjRuGnrBhvQYPofX5MLdVZ3i3ZMHgE"
		]
	},
	"Ansn5tVoV28dRHgYXQmPEKeYV5QhwZf7tuZ4u9wAaSMb": {
		"amount": 5,
		"mints": [
			"tj31zANGZhmrtjFqd9GjXKMY5x6Kx8tjyAtGYjrywc8",
			"3FQEpPJ5tZgvuykNVrX1rLTxXjujxZ5PZTwSkzDw3XQ7",
			"D5ttiVVZy2K1Xsuq84LQcW39iJsTpHtCGpApn1poutLD",
			"3Ykrw8TxKGf12CAvrYisgFpERcTf6DMM1jmGxawLVT7R",
			"79aYUXn8PWYf1AEztmt8ErDdRGEUvXFZSupS6uF2ckK3"
		]
	},
	"NhdP8TCWTtfgkzha9WasLumEVSDGek25UnNpiQpmBKH": {
		"amount": 1,
		"mints": [
			"Ez2XzwjBgX3jyH3D5QVXc8CUKSzwaz83CJAqHBBLrv9X"
		]
	},
	"J6uRiuFWvKm4zi5JuC6BwyYEpCuyD8JVVfXtjeQubTP4": {
		"amount": 12,
		"mints": [
			"GsTFqkVGyHvQy2kQhXnJz5czsnZ9woLAVLoEe67iEk3C",
			"CPs1upXnXE9RZ4XDCLwZwdTmxjzgJRqPJN7uNjVCyNS7",
			"GXD6fY2Jhb33G8P1EQcMv2AgPcukpLZeEmfDQD4ovXBo",
			"5abxQDibg6TSFBeMmtzhKKLKGNU8hZ4DE3PhYKtjwLTk",
			"5vHCRchXU77xRkj2YiEQe4hURbhMEDzPnXYcoqKMWMqd",
			"H3CQoyXwbYoSdQEw6f9d4xMaKtZxaMaWdLKjX7VKHy4e",
			"dmsRXcsAEAvczTpkfLCbsjXEiVBSnDWtoyRmUmTwWEg",
			"3LPcCLaFNYHTh94tsFpKkM2WXpVTQjEeXXgr1NeBtKd3",
			"3YXfRhuSt3QwFwwDfZtyZ5PKCdo1tdkYK33sv9ihPMst",
			"7PAdi9JYCHbEkuqvbeygLNdb4yZcDtGekgK9VGW4Mwye",
			"7wYKP6rVjB3c8SkfAMAUsxfX8zP1uEfoh2CR8GLShs9T",
			"2Ex2dnMsWBMqMaQeGVkTZaFMQXWEMGgZ7Rn7Fj1DRFty"
		]
	},
	"DFVckhXBGRqvZ6X5jsvrQcVpYgPSMJxVtECdaXQ3HwZ2": {
		"amount": 2,
		"mints": [
			"272wRfmAGkYmXHAyqCaGnd5x8bFKXo7w8c6ptbUn5qJt",
			"7XX932oQMjjrovYjGZLS9j624fXT6D6Ng9QwLF4faV27"
		]
	},
	"AC3eMzYA8E4MbHykxS6pqigZLWUY6cDqo8dZS4w3jEyK": {
		"amount": 1,
		"mints": [
			"CzVD3xrwnb52pQyvi9QWCig1DxeVKWZszeeKNKf2nP3m"
		]
	},
	"B8JDBiPp48qcomqLZT7h6XPsNEZK5uLt2stLxKLH3Qqf": {
		"amount": 2,
		"mints": [
			"34pzQF4zcCXXCj6JKdjtHA3ZtNYp6CSPhsF4JN9akoKt",
			"HB5DXNQKhokdR81ceuDS76SrMsCmCsyjtZrwSmu8SUJZ"
		]
	},
	"B5eo2QZh3YhdeA8y5y6rD5yePnqwLbJ5cptJ5iVSsWaK": {
		"amount": 1,
		"mints": [
			"Eiah1pec4wFBPWWf7ckVoeQCj1AXVPz9gSMrvtrAUbKZ"
		]
	},
	"2ejtRGnVa5EjUDBmjmpPTCafKRfc3jeEvAX2KTgjoRTh": {
		"amount": 2,
		"mints": [
			"D29NYY197d23oTjUQ7XeBdY6dAC5yVBDHSh8uQWzjszW",
			"2fyf6KfuSqPtLv4DuAm59he851wK4XAtZgu2At7mSvt2"
		]
	},
	"pQ8QrxjdEEpbXSCiPW9ST8ANNMmMNygyViMwWgv7AQJ": {
		"amount": 4,
		"mints": [
			"Hax1rMzYu2HD4BFqFzqk57mtuhr5BT3mzpj1wmeLzvLc",
			"CfwGarwDA6brJ4Ca2K2hwWnJUEjTmqrUXFyMfqTN3mst",
			"Dk4nMCSiW375TZzDXVBct9fCTLT8ve9fKESTBz8ncxWH",
			"AGTc4JZFNHDyepcVPsgGC2216WW2LV4VFUXCbjnmssqK"
		]
	},
	"4pWGFbHb3TXePnWaqTah9kXZS78TyKP839BDXQpQo4Tn": {
		"amount": 3,
		"mints": [
			"9W2HJbeUxu6Z4p9vpdRJ3qQrnoLZawZJ55DBNz8cmzp3",
			"88ct26hr5gPQtEvKqkNzmLYWjhJ2F4qgtJj75gjzGRiP",
			"DhJ1VBTC97s8Y3J4DspLdUY9PFW2rHtMaLBcbmyw49oW"
		]
	},
	"DojyD3EHo4GcKmDjMcNziSDZ9AwduvwV1zSJuSwZ6PPm": {
		"amount": 12,
		"mints": [
			"EKkwixTCnu9AhszY2w6G5Xsq2ZMM5uwrHWsgHCMfxUDN",
			"Efcd75nt35mMknt9t7c2ViexPVWFbw51G1tHwuTnG5w9",
			"CnXSGnfA8vkG3Q9SkBmoA6WjxH24nTRz4CUDAW7rAtSs",
			"BQ8LfnDDg2Cw4rifnPubqMoq4faP9Bb5z4zUJzGPNi4G",
			"Czwdq4D51z4UXHbx4xqMMc53WnB1VL9Jagr1uEfSUY5H",
			"HvzEwV7q6sLTpJ6YA8FBaNF5BPy4p78TGJLt2FF6AabG",
			"3WVqA6HF34mvZ4qzq8EKp7sfhfB7XHhBrT8eBnLV87UP",
			"JBStxztd8CPKFwmhJ5LdkFydooLNccfGc6qtP13pMxAu",
			"GWnPNppS59szek99uVh9SUbfoek2wm9vGf4aiEHNAWV1",
			"6qsg8YHqoLfwZRDdrMdiR5byawWr2SGBw1iDuDmyW5xn",
			"HinXHWDWSaqbpDMktnVb24s8tduSV3FdvCbntzHB7nvs",
			"7UKF2dGJmcwrLuESHVSRAbJSLm6KmaTjsLfKsuAFXZgf"
		]
	},
	"9eLRoSaaztHR2JibvvWZV3aWYZvsffTee1VFuoJKvaht": {
		"amount": 5,
		"mints": [
			"GSPCkuB2gMrVjqUtjpKP2SEEnePFRi6j66dNeVGY7fcZ",
			"Bvka629Xkqqi4YuWPzypaLza1fsfLmwoWNQ1jSLzzuwr",
			"BBDMQqqrwBPk3aEMmU3qVBnWTWvywGHcXdGR35Sr2WvH",
			"6F7LU4tyDdVwHffoc1H3SEMBnFnHT77XQnCEWxnSncyr",
			"4Z534GTQvTXpaiETY7b4TTguBAuGtSA9mmZiSbnc1Ptu"
		]
	},
	"ARAcGXBdy9a7wc2Frncm7DJbLL2Ti63syKLWoxcodVRm": {
		"amount": 2,
		"mints": [
			"FFWXcrJt7sAL3QjW958oeqk6wX6YrL6ZH8HUaJn3j4Uq",
			"Ht4zeDcCtXHpxoeQ551y4ZMJAjy2gWaJgEsNTepxneML"
		]
	},
	"367SkAogNsYY5TXjpEDJe3nhbkfit7ynT2EzVAwGNjef": {
		"amount": 1,
		"mints": [
			"8dBxufEdf6V4y4p5Eer6xmzxAAx3YuQob3sxZ3VkTR8J"
		]
	},
	"FNCkEaeS68YUvTSsMEBgxT63Mj1tRkg57Uh6R6C5yhTo": {
		"amount": 1,
		"mints": [
			"CtYXakYDAv154RALRxLUXu67pkUmWMV5DiWh94Cui4jm"
		]
	},
	"4ySuhCAHCTcLAZmd71EML1sptHGmLRNGBA1EEeaY6kD": {
		"amount": 5,
		"mints": [
			"9ZM5oM3kXac5r9t6uK5gWQhPqyEvF9RN8uEvjpgVKdgJ",
			"7Q5zqtDub4qKgMHKYbQSR1pn5aZaWm5wGNo3ZL2MYakL",
			"FRTGhq57L5L37Ugn2fDVRdfY35B9mMBSqXea5jU2qmvr",
			"4s6suEqs3M5hk1eKztfHXrKLreeUNJMU3ZJQ18WFoEoP",
			"2z12SdmXMHgs2NgVeX1vKpAr7EC3ZnMbiwDEFg37Wtit"
		]
	},
	"A4xibBLeyNYpHv1QX962aFVrR5VeHR4TwVdPMQ8GJFJM": {
		"amount": 4,
		"mints": [
			"Dbtgwx5ytwMXkGfkKBxPTW6dU5KtMkfB8bfz2iJPQpVV",
			"6JVt3H4qwW9F2r28H5buFVt1XnL1oG93Bernumx4rixS",
			"2PSwwLUjuwyMvZE6bxV7AncWr7C2tLnjXxz6J6icRHLp",
			"FdSfLeVYSD8xudkhuy192AwKXHeFAM8eMQhCE2622TH4"
		]
	},
	"7dP1mVUisnxGAECqV6Zv2R8P6p71M81B31Q7J1pTP2JP": {
		"amount": 1,
		"mints": [
			"55VVJULYEJtVgyaZypWbiLxW6fdNjW6DdD7njaaKC7CZ"
		]
	},
	"2apU3FShD3j155iVXPT7ayaRcJa6o9AiXVdpFYivnGxG": {
		"amount": 2,
		"mints": [
			"DzjBTnJqsdAJmfwdW1wqn9b8byo2og8wBnnvcN8SfwvW",
			"D7cLUCx5gYCgpz4r35qRwvw3TmsqEemgUoCoARXjnM8q"
		]
	},
	"EZY1wHUBSY9zrsWSk2j4MhETdgkoEEF5sifzXipGWgjp": {
		"amount": 3,
		"mints": [
			"9Vokf2ciHqoYXwnzJTvRSBA9maYNPJmSsffTnkZCAYKs",
			"C3eiHt5XDPv8GLsTDeKYN93xU1Gf1nT5eh9emgzHQBhi",
			"CHt6fYuab6SXqmcU74sRbC7An2UPswLNeRP7qRGYhXMu"
		]
	},
	"4duMuQemTTBDLRgD6zF2jhqhjZ29QJwojbn9xx6o9Uk5": {
		"amount": 9,
		"mints": [
			"9GhhbhVFArqEJWQj2mso9viTDaxKQUYMoxz4EU8ngBrF",
			"7i9hsCFhtppDiEC3DdmYqdxgfD1dSRX6mdPoC9QSScym",
			"EzM737borpUT5YgK7MxkceBno42pEJfyRW2D7zETUJEq",
			"7rcP7AvNr52rgBPDobXj5bVyz96gWx6NeioU61NEXzFW",
			"4vJNPwDiqFUZXz1w4Nxw1t66iQhxiSGr2GAbZKMSd2By",
			"DyawaLRdR2cJ71P993in21bxAAf4D9cfiYoMA76qBxw9",
			"BhG3c6kxshWDbPGDcZwQL6knrWSPLrgeYDkFiGb6Xg56",
			"9pbW2rEJcrUrpn6f1LrQ5BUwApZYZgH1u9E74s8nbqcq",
			"GPTyKnGRQwK6DxEQ5qWN7thcscMrLcMJcPxy92sKXcp5"
		]
	},
	"9zw9px4upGg4pZ2riCNoqxTTY4nmRYLDMWB6a6GgVfQx": {
		"amount": 1,
		"mints": [
			"8xh27TtVR2yxFJLTqvtF3otpe8XQcKfMT4AVntK3BVMP"
		]
	},
	"HqooB9xnNr9fQBTfxREC7LysMJb8vYUyiK33Lm3tT4qQ": {
		"amount": 3,
		"mints": [
			"7zGjteqqANo96K8XSkEpPNCf9YVnVdKo4DgxVEwgeEFm",
			"FRJmUuoHVmBuUrd6U5tX7WaTutyeFmEi9sBNYxJJBCKc",
			"6TYgwgqddFYwjrmWbYssQSL2SQydgmJoxU7BarupYHY4"
		]
	},
	"FgGeZHWJ5QD1YgdBy57YKgixg1spoGH32i2G9yPJyy7q": {
		"amount": 31,
		"mints": [
			"7K8x2bxUcwnRNzSyFt6RdjVoE8JzrxhPynbPQFpMzurz",
			"Dh9TuppBdzJAo7z5kCGZtWfJwVBbxJWudqskt1SfkEgP",
			"EEZxcoQAVZjZUTvoN5A2VLDP5xzWhmK7xnHUQSVRUAAy",
			"9jUWonfyWw6UDjawEsg8J4G4yx3FiUQtr9VHC3rUeYtG",
			"AR1FcqzYVBaqUgFBATUaN3pWQvaSbkUhgeLJ93MZqKhD",
			"5HjytWSMRsfmPLwtcGxiYjJVbRrGFRMQ8mxAn2h6Rfuc",
			"AaATNK3Ad9VuLMXBcWU6DGpkdqKRMrrNvrMQJ4jyd6oT",
			"Brs8kAKwgyLphoNQdqXUGp3u82oHCk5RhAmYsWH2XdLM",
			"67F1iov1tCqD98dgdUHqxPkp3UuhcNCJRN1cYn1wnbkj",
			"79bskqNr2D5KDrk1RAvtGsxKFmpWvMq2vz6go4bBgMyq",
			"DnTdzXc8TkNgkb7JKewBGxVCwHFf4D8tGcUe8fu8WoUD",
			"BUT38oa7szAh56KRFCdgGUTr1TqhCxX7VG4wrVbdh2SY",
			"HArMdW5RK9E7MHKGtasF3eCnNdH1A9VtbJFtEJvJ4K6v",
			"BUA2LeF1eBWSGX6VSf1DrBZtFvGqJVcbDHkjPJ6i1wL1",
			"5p5erqsSFrAreMzDivsckYn7jCMEEy37rSJuTJHNHzkG",
			"FX6GFyHDjNukPV3GjZYbaZK9E5Uu2QGRwLuiHcaLVabP",
			"Abyq3fiw7CNXomZ1eLhGakXVSkfXUjBdG5oQiMd136Wf",
			"AYJQosxH9gRsdqzrtAJSShhRtEP5eHbPjdRp4hYos9ef",
			"ACzgDEeV8DNhj4opLUphaF8fiYMnAW4caG2fU4GoJ6nc",
			"E5NuqgmkqLkwDGYuxvQ12ezS2mvsHAX2HKPsPtEaYEUP",
			"8sSSd9nf6iZVM3LX9Gw9DdhKn3s8Hn8nfrEATJjEqkwM",
			"3GNdod8PUG2o6kuhC25GTi8N5xjGMaaLEFDQvyd7E2FQ",
			"7bbWffCN71KaNChTNbLhPXsXgQqxwcbRrXpXykEaCJVq",
			"2qA4LR1xUjpTdktQu7ufaCmdS9NZmyy9jsaQKHxtzbbj",
			"icf4EUctSM9tCRgLcejeY4vY6rASYJAgJKgNgwawqUH",
			"Ese5mQAiAz26S8dwDVHmX3MtAx7TWdLvKBXPsYk32qvd",
			"AaY4Qk9H2LbghTNrWvU9ZySDRiqygtporegW6kAzJhg5",
			"YN8fFNrUYczKTTter2q9nmDXy49mRurKNL7xR8ZNk7H",
			"GNzS4u5ojFe61czDgJUKfanyTRuxEszni3GyvHc5DRET",
			"CKY33R4LzKxDfjanyUJ7RC6s8VZHbD8UybsAV5pmhmiE",
			"BAtF2CoVDi1rXuoCgQUHxmpATt4bNeQpv7YpY1878nan"
		]
	},
	"7UxnUyNNrDrHNDASRDWMrTqcMXtEhxRwLniG7SJUgycy": {
		"amount": 1,
		"mints": [
			"GsBJSw82mFbA6krSWGsZb5xq25GVuxVKwtskvSmu9AHL"
		]
	},
	"5qFYXDbArwX1ASYSixE4ftGP139D15ogdZrkfa1dAQy3": {
		"amount": 2,
		"mints": [
			"7nZ9YNMo5sjFJ2oGYDonfEU3vB1P4QZ62RxsWKWPujgm",
			"7C3J9XEKTyjQEoTHVpu2MGzeCu18Q3U61fgiLy8JziNB"
		]
	},
	"4H5jfTwW336Cqz8xZLA4YgXUB71AFyv817oGgDHpEL9B": {
		"amount": 1,
		"mints": [
			"EfK9mx6wc382ibDivQMCn94WSDxd1KRLH5cNtyXcRVb9"
		]
	},
	"7UP6tLSsmSstLHjc134NgVjrnEvidsu2GHpo1MuJH94D": {
		"amount": 1,
		"mints": [
			"5TEkWxhY7jaUT9JosdeUgRRhDEmZ8mMhh6EiSkpJ17ix"
		]
	},
	"GEihzbZ7MVPTH8WppbWotWXzpuLNqe4NcXDtJtA7tFfV": {
		"amount": 1,
		"mints": [
			"BrzurMMdggiR2uLfvUNJZKY4dtuMGMg9xU99jvhBvdya"
		]
	},
	"Ckuuwcgvy86yg8aefCbwLhfx9ZtXMyqxthbB1svKHYTi": {
		"amount": 2,
		"mints": [
			"6FDEP3V614CsQzE7Ujs4sWBfX82uaDNARiBD1YwUZwnH",
			"E4HU45qypYsqFh8CeAEU9LhzAzjpAiAnm446NAbqfxVg"
		]
	},
	"DSxWF53pftyuP9idJ9VeAAKCfQFti8GbqShL2KGAkuCR": {
		"amount": 1,
		"mints": [
			"HKdMeEs2bwxWPBKbuBNFnndbt1kP7rsXfXH9xdGqdjeU"
		]
	},
	"GQm15cTquLYEydQw2w5rSkY1n6w49F9F35uyM6nDUXPk": {
		"amount": 2,
		"mints": [
			"5TrcTHkT9SAmzQJtdfbPNKrAiyKUtDN3Q8LpnhSDgDPD",
			"Bv8pXerz3VXDM1o8Tx1QhHgseWuyJAP3apkKnpVZcRcx"
		]
	},
	"4hrxL2Qtmdcmv4t79Pi3K5ury9ZgJyK34bAWgYwPdSDo": {
		"amount": 3,
		"mints": [
			"9BJ8PeRFJf8iVuCF79osRmRUo5frHiMKgUNpfUpoQJvp",
			"2C7ejrHCoDpkoiC91Wq3ayQFqAoPUhqDnRv85DcL2zzK",
			"2CLFbKf1CKxZNAk58zFr7QAStyZM53nb6DJWfRd1XwTe"
		]
	},
	"6Q6n8exnZkaEswJDASydX8u1jWyWGtJz7siDNhaAkYok": {
		"amount": 2,
		"mints": [
			"8p7wqzbrjRwkNv4YZdBQ8Cq4PiENcec17L9UtLRBLcAe",
			"75Dwm76tuahPQtb2xDxgoDpZgGPdARCTVbgodyGC6ai9"
		]
	},
	"6SwSxAWm67czRQBDMSo1BsYCDx4hctEBTaohvUf4gqet": {
		"amount": 4,
		"mints": [
			"sryFcduWTcYxnc6XDXeUALBHPwcVrVAdFkXpEMDaL41",
			"Ex8avY8N1bzTCApUrZMd5wM3skCsiuepDKixR7DSaP3V",
			"CWF7FkZZS8E3R3Nb99xbdbHADsd1G68R6rC2QEty2Szq",
			"EqixFiJCqjCPdfPNM6Fu9PUMg8jxndEi8C5jyX5BTspE"
		]
	},
	"2mZAaNJsXWSCn3LTyxpJT4APDkAWqNZxf8BQNd9Gp4XS": {
		"amount": 2,
		"mints": [
			"4ZUX7yT48GWyvN7sqtsHSJRvKeQjP1LNdmPnyPuxVdht",
			"GpcSRKjvxtjgEraXAg86rS798mr3jGdVKNoHeBoTzr3L"
		]
	},
	"5ekbAmFNDa4JuVB8fSKmEVmmiA4Mc97ip64UHSBtgsp7": {
		"amount": 6,
		"mints": [
			"G6VRUC68aqnN1CvQjZFAWfjzG8EkoAum3WnLbF8XJTro",
			"7ZfysyvXrijR3bp7DpRRw1QjkPz7T7nw55A82WFWXQ9Y",
			"CAK5CuBvKVmyvGvveUdFdfWH7GRZXasGG1ttjriNdUFk",
			"TcEn9JfqqP63b5rK3p4eKQTqf5UGo58b9yzv6DMRi4n",
			"HPBBNZnU8s9t9X36LBGypvmJJGPpBuGghrKYD3taE7D5",
			"8BkKJkdUC33XarKe8jS9kfThyMnNK75n43t9mhk25E7a"
		]
	},
	"FcXNxvWCDyuiJGkaCK4kfpguBSqJqefSKWdnigXki1Ky": {
		"amount": 5,
		"mints": [
			"Vc8Vza6RKG4rqh58qFAKcGYcxGeZ2FxR8keoZ2f9o9X",
			"CvyKbypbLubzDz3esri9JNhxo7ahrdKE7qVnc5QfAzzz",
			"DNej9tt1mT6HmqH68GAU5eW12a9YLTB6rsjdfcynQxg9",
			"HJBY4ixDSF8tb1hG4idT9QSGi5ivwvPZeJHsLuygykyH",
			"9aycptGmRujEmL43EBe6XURJFDvcDTYoCj29NsDC3dzb"
		]
	},
	"G14pZL3RUstQGFNyuyUq7S98f5mGgHDJ8Qoh5F8njVnY": {
		"amount": 1,
		"mints": [
			"C633WYRrywLpDiHAUPXKGRhTQmz3VWdvRv71GbuepDSi"
		]
	},
	"H1KZ64un3w9FKt8MY4g6N1of4GSbTRS6W8UBv4Cx3dnJ": {
		"amount": 1,
		"mints": [
			"3imBBHYEft3n6wH9aCfCsb8mMYjcDweyy6pv4KNB1do7"
		]
	},
	"2WJZ5Q1yuLj9NRY53Zbeni7bwh3dNx9v5dy3cXkTWeDD": {
		"amount": 3,
		"mints": [
			"7PNCyjcsRGwjV6u5112mwZb1KkuYzMQmfT8p6qH8znXo",
			"3PpYBxBRa5bLYoSBfHVU2UaP7JaKX4xuSJskHUyLgXVe",
			"DVWdcZ1cqnxh26CPaVvSP9k3fKRx5J6eJrVVmkpq31wp"
		]
	},
	"GaH5p11HkFrWgYBDwT94LJLWcTYR2t9n9AVcHB1VqkiL": {
		"amount": 1,
		"mints": [
			"7hQ2XLE5yL6B1Aayp1PCveU6SJd1pz8wjGFaAoY6x35b"
		]
	},
	"CPTPDNg1MG22GcowvGMs8WAmkpPVbM29Uq7ur4DuLdzY": {
		"amount": 1,
		"mints": [
			"3JgRH42ntZ7joztxntLAbEpStFKu8TD8G3BxUptxY5oP"
		]
	},
	"A5oS2W8dbgzMeWxNBrWyRPk4TjN4aQ8PkFStSaknnB8r": {
		"amount": 1,
		"mints": [
			"A7VjUiLVJGyTcwdF28JRjvtEWV7gtBfRHz1sdW7Xs6Qp"
		]
	},
	"MbPVSE43YNzSMxkT81JuV8ooKwciPb4AQVD6g61C3nR": {
		"amount": 1,
		"mints": [
			"8J7jAFun9aQq64HNUjxe9t38sfjRerQBBibQmYx8JtYN"
		]
	},
	"DHL4oy4uXLm8yrwJVpWh52HE65rtty7yfukxPUiC2jou": {
		"amount": 1,
		"mints": [
			"AQE1PNyjSbHkC6rfSA3HkubDT9PnL1Z66ZBPEcQmBpxr"
		]
	},
	"6sCXibbXfEA9dvNGZjYCyCWLbZer8VMQsZjM9WdZxLHQ": {
		"amount": 2,
		"mints": [
			"YiTWDs68PDU6N3NbH1sVBeMr2PEDABjNfMyuZ4NiAJE",
			"8jxUQrUzvLRE5jhc7bKAKqw2U95vSS7nyk4eTkQ1RU6T"
		]
	},
	"7XuK1RrVhDDvf3kBysA5w1u9wbE11DUY6fgZjwpkUz5q": {
		"amount": 1,
		"mints": [
			"GsJuEtNCb4PEzt8Y4o8Fpd8AvJhvU9TAKBP1QeXynBsd"
		]
	},
	"yYBfgG173jVysPEpHBUs9YKwwrk5FDTrViwKhZeS7XP": {
		"amount": 1,
		"mints": [
			"73JvveypCBUYJM8GNFWpTc34VVuQc1j4RVdkBb3cSVpm"
		]
	},
	"67moRpSLnh6uqvJ9sLiZP5nKu47YSMkZVMYKjRciEyNk": {
		"amount": 2,
		"mints": [
			"qiRus4rj2HSVWH1DEpzvGK2i2A4qniV2riuoFYpo3Gz",
			"Fgb9bMSxppQ9Fst8kiv3depx62M9BUgL99YaDbJK7NXh"
		]
	},
	"Ak8WGEZU576PJAh9Uzz2MuHx3WJiXyPQ6c72B6NxNA3Y": {
		"amount": 1,
		"mints": [
			"AcAJi5JwUhirCXyb2UGiEhfcZ1mWenqecFiNw9oWhYmc"
		]
	},
	"8kNDjFUSrSWHWSeDLPYbur96xNEDpuW9dpXYcV51icRF": {
		"amount": 1,
		"mints": [
			"5nhFRiyHvkpbJgtPupzHtrSx7ydhJCNEPDXrRpESbcSe"
		]
	},
	"2aJ8i1pAX5c7mLgXf9MfyEH4Cn6RsKXt1uFND2pLsFGy": {
		"amount": 1,
		"mints": [
			"K28kxdXqwsBXFC7zBkhwRsNvDUuSpeBWrkXsrzhUjUh"
		]
	},
	"B9vFAmmGaSb3B4JMAfFr4bN6HLnSJ1A523pJE6whXmUs": {
		"amount": 2,
		"mints": [
			"9hLqVNXP83JVDPPXrh5MwukScY3rqj4Y5cmo3MtaYkTy",
			"5Y5NRcw5iUF6yECx93yk3Ya6er3TeF5NmHAstdJqkrkT"
		]
	},
	"Ap7t8CQisEtJNjubYBEA2NV4Rb4RFtS9BPALX7bz5yiY": {
		"amount": 2,
		"mints": [
			"Ae4DqL4rsKrhaR6tHtsaywnAJ7XCZNRN17Gs39igGEWE",
			"pjbNBZCmMTSnD9vDCoaFTxbUMRA23qqD6GBidmXqbf3"
		]
	},
	"D4HGEhyx7uTZdQ6GLzqskzx6922W7LF9wTdqbXF54n8W": {
		"amount": 2,
		"mints": [
			"1yp5hS9Fr2M7DHP3JyJcXSuyqJ9fkpFqtLW1k24WZT9",
			"5TKKV8uTMtNHpQBvNce4wxgFZ2hP47sdpFMB4zsziycn"
		]
	},
	"9gPrKNWv1QtsESCPUw943xgbjkekLYzfQnByM3hDRw8v": {
		"amount": 3,
		"mints": [
			"6CVVTYyJhzVE1F4wWaFjEKExv3g5vovQ6zCvABBECMky",
			"4eShuFUDu1rYTCH4vqMPoi7ESuigkZVYMBfJp3u4uEA5",
			"G6q4BSsmDwoZNh4Ttc7qWhrShMmJW8o14qyP2QqzhdYN"
		]
	},
	"5cfsiLysprJaBxzLbETTRAe6GLeC5WLSQENNcozTJLuQ": {
		"amount": 1,
		"mints": [
			"E6LiWQY5a4y64FJtNmKP8AEyYiDmHr62YR17gyG5Ri2"
		]
	},
	"8NQSZ5wpdET6dzAao2Vg13BsiF4QLAFKPSntKAaggbLr": {
		"amount": 1,
		"mints": [
			"BT15cKyuxEe5mTKvyMVqbKsXMTWhbxKWgwqWYB1LRmCk"
		]
	},
	"Eey5HzTGXgEx1E8GQSi5YkdegZw73Ef6KyCsBM4F8dQc": {
		"amount": 2,
		"mints": [
			"3Np5gbZo1KvkX8yw23Bb73Yy7azg4sDBtePicSAghEHV",
			"7JP8EKD9PwfuYRz2HSzCef7sHbtzuP9haMFSQEEEM5AL"
		]
	},
	"qB1qkcmpNVqpcfodj1xgAwzsCDvWUoYjCxjk1ZV3vq3": {
		"amount": 1,
		"mints": [
			"4xbxZ6VTe2SPQpPa6LtPczb1quyCdgrpkkXjdHPoWygh"
		]
	},
	"Gr58PRxVvzYZnX1wEpGKeWHpZcN1bULs6ZBJovPHHZdc": {
		"amount": 1,
		"mints": [
			"E8qpwXJmPCN8myLeEcypbdiRWrYhC387CzLzH7DLAaeb"
		]
	},
	"3MPpYZ8ydLjdJ5KKc1CKMhEJNeF2bhduNoNHqESps6Qn": {
		"amount": 1,
		"mints": [
			"AoTvJvSANoQSsKNmtQzShLCNYXgTtLvWQPumDZwyxrUe"
		]
	},
	"BbeXBqwyMspYaCNSTPUfonXTFnsyisfZffzQsbNyaZS3": {
		"amount": 1,
		"mints": [
			"CqkzTz3F8JEKzMgv8pZKvEdnuZMCBxUt6MboYY2YGtd4"
		]
	},
	"7RtGCVs8PsGKR2uzFN8YSZKxnDfcSRPxYKBjyPaUYfVP": {
		"amount": 1,
		"mints": [
			"CqYLRodfYx6YWpC5PcaWrYGMerVGj6FAXppvAbk5Mv3K"
		]
	},
	"G29sURNnuFCw55KmDgdcf1T2jrPqKKzMsyh7VrsDRAVT": {
		"amount": 1,
		"mints": [
			"6V5tk6vQo6rugZBXLPVf9DQeCuSmeUjKHVNnTKr14GGf"
		]
	},
	"5bP3x17uC3MgnTEyQvj25g7hbrjMNFLfehCsTeAvp67n": {
		"amount": 1,
		"mints": [
			"HvL8dNDp1GZP8vgqs9TfuJqsLEV3nDVMB3BsqbdAet26"
		]
	},
	"DK8xb8cayRzuGMqS47UNFVYJNwAp1wZVCqj95Q64KWxW": {
		"amount": 2,
		"mints": [
			"5qN81CcJ9YdJXzU5XuTExzVAri6iZeYZjZZoDmY5gtLs",
			"4684RfAbEsvAGKDQgcrN5VoXsnyc48c98gE5mjkG2NAz"
		]
	},
	"AgbZsUYg42s2bzb8AKHWB4pi2HPfosZzjB6pgJikngAM": {
		"amount": 1,
		"mints": [
			"D1izd1U9ZsDgChrg3nJWeSjCb8EEV7v9kxLmnzgYRdNg"
		]
	},
	"2nar8gKZoEPKA4qTMBNwh9pgE5kQsXJ5BBd9fgjiu8a4": {
		"amount": 1,
		"mints": [
			"9oFdB7QWStqzL6qkB1Bow9R5QNrpdne86sRrYDiuBF5i"
		]
	},
	"6pCs22raxzxVRqTehg46bVP3dopJ38XZQCS2zbKPKC45": {
		"amount": 1,
		"mints": [
			"9UCgPmoMbndgNtEuYAJ8dppZVEPmArg6A9UsVy5cNNRY"
		]
	},
	"6HSSme3wvS1M8JaFaTzTWRX3StundktPesTmsp4gQdvg": {
		"amount": 1,
		"mints": [
			"8oEfrzM4NucWu1Jx6gfTx9i4aHXh97oL1fBinieQuY6A"
		]
	},
	"Esu2R7jgEYcSd2s6e5yduDQiHMUq3r2ueghbxMJkP6qV": {
		"amount": 12,
		"mints": [
			"CdNn7f8T7hHQZYAgL3p5SMSkdcrYvCVovBD6zwdvia3R",
			"6dM4XQNHDGHhhjtbiPC8Zp1Fen3Qz6T8nE7W2DqkCF6Q",
			"9yGavg8vXgxFrYTMJBQNsjG7Avamkp3QGJ7rFPGCgiMd",
			"AynQ7V3MKmfwSmcoZZPJ1j63DJGgnZCsuCZbVFeyFBNp",
			"9NaTMdHcgWMML8F5wF2pCHiBQKWFN6ZgLncMU2MvB5Cv",
			"74YYQbzWfwwidKXhkH9jWgTuT3pZFmt8nYKytsMjZu91",
			"79tJZpAT4kTJTgi7j7y6Lm1CuBt16AYarx86kxZe3Cb1",
			"AU9EHxTVznDtG1XuJDvi9GNVHQ3L8UhU2GMn73d8Y7Uf",
			"Hbd9NZsh1bqhRmKKhVCMD59p6dzqPpwrNkLtitpZJweE",
			"5BoNDexcEPK7PXmf7vKXy2ppDfCj4Meu1VvR3jX8ZUFF",
			"H76avGcCdQJcrUoVmSPZnLhrwXBWFcNo34q64nFQsy5f",
			"FyqbSQMsd7xc8d2meESS896vgmDWAmthtiF93iQgUb91"
		]
	},
	"FwMKYyUmvb8YyKjVxpZuMHWgXJp6yVhfXy1HyHkG25o4": {
		"amount": 2,
		"mints": [
			"3efCVCrYeR1TtV1BbF777v5B1N5SnZRB5iXDM3QwekDe",
			"Avt558NQiLkMR27XFuhdPLJmPtp3cqqdjMwNX7He2MAe"
		]
	},
	"7Spdd2denxeRzPnHVCG4P2hCw7VF9D4b4dw4BErMoxNc": {
		"amount": 1,
		"mints": [
			"G7q41Lk3v1ttaNqBTikMnEdGDqgQLwk8NLB4fojQYLWC"
		]
	},
	"AdFTvw4gP1DU7Hk8EXfDQ5JE4BqAXxHqtawCBdq6Ygq7": {
		"amount": 1,
		"mints": [
			"BfL2ZSUp5kFmXckDDz7odeh6C8Cxj9JChVuyCacTYFFm"
		]
	},
	"7KWR4bnDaotytGsTrgZsbRbqMx8VvQAdnSJEb8zbyyym": {
		"amount": 1,
		"mints": [
			"C9RzvuXed5dnnnM7FecxKe3wAqnR8tEs1WtcrxAyPeRe"
		]
	},
	"bp2D1wPtysyU6G46VF3LMv8vMAewf9AwfbUGpBdtELN": {
		"amount": 1,
		"mints": [
			"BZmJFaQYMF6MHsFxCQT3QaLWowDmZKrRg9V6WSrSpPj"
		]
	},
	"59L4GrJY3VJZL1keqAxgv9EFQv5wmDuJJa5HMMBZDL5t": {
		"amount": 3,
		"mints": [
			"7WRUDQdJWUHmkRfq1cgVE3A4ysPtV5kQP8DQ7ogbypD",
			"4LTcuZFtAwpyeKiSjoxnFfM3HiT2pvNfhgQ3AvVaMPsa",
			"7AqnGFhbLaFR9Zyzh5J8dKFe7wFDNWGg4EUXdjDpEAju"
		]
	},
	"5xrForNXwbB5zmccELR7keH3jyFAginRL3e3YrCB3MxN": {
		"amount": 1,
		"mints": [
			"32enXP2zSw2BxFAgrHaAcVUGCcKftJTJDnjeKVkbqCTG"
		]
	},
	"12FPUViHbfxk1VmRtcD55VfNVeTgdsAp4gt9vPuzQSze": {
		"amount": 1,
		"mints": [
			"4cvht1fjCf4wd5U6TUkWvHRJVAx1TkjaF57smwZ3jCTL"
		]
	},
	"GewwyasNuo4A6DaCcR4eW2DnuWQhCJ9aPXDsxH1SsdiK": {
		"amount": 8,
		"mints": [
			"5pfv4wT3xw1uVC9Am6wBGkZGP4Gv9Zqxb7HU4f5qZPyJ",
			"FABR16WXN5FGrcKsgbf8RFU5GuKorYyVG7utHJQF7R5d",
			"3SJiJLbX5rRaw5WCbk7pTrHvWxNVkFqnw9S33R3aorKH",
			"HhyBBwZbo2fTZioTWFRkR8sfL4y829hKh9zNSebDL18d",
			"B2bxMAvT39sE1z9n2ohQk7H8WVafZ5pZ8Jy5UAWJTJxV",
			"BYAQobG9Co8cvFjjPLFtodZRKBvv2TBV8jZBVZsvBmru",
			"FfmTSbhYEcNSbfSApWc5ep5FResb6gbkr9WgmX6CsJsy",
			"EQwxwAovRYATsyXFqVNtUmuDzAnm8BEKjY6Y4ZkrhGGW"
		]
	},
	"FCNNkbuzy4VAJ6MiYEb1haCdQFnaf2kgjY9g6s3x6sQ1": {
		"amount": 1,
		"mints": [
			"79EeUrj3CgJWSa8PA41zvZciEJ8iyweGiLkn3UDgpbKR"
		]
	},
	"6ngV88dV1h2sBL4aFvezPwBewT1tnmyvZwkFBibcPjvg": {
		"amount": 2,
		"mints": [
			"2SCscrymKKGMLbgX11WR2QUY4BUE5kV1SsCpDPQFweUh",
			"8WZPiUcKUD3xpW3wswqf7DBSFAnSMXSp3sRhcm24SQFT"
		]
	},
	"9UgtPr41VznEyTv789etMdDcmN3eN32maZzYdt6KAq37": {
		"amount": 2,
		"mints": [
			"28QQVrQgn6cY3eJ32R1GFV4vjtq9sNGoAYWLiqaAiWkL",
			"6SLv1Cuo3Qxr8gAYtp2uEfzGjoXaypzRLnSyVuD972io"
		]
	},
	"BwG2MHYSzGftpn21H3Smr48AWQo5YAaWVt7kW9k3GQZz": {
		"amount": 1,
		"mints": [
			"9tU9xL774GhgxpF548QXrYbVbaz7eTzyNbrCNpwxHfar"
		]
	},
	"E7s8VHHjC2Qca4BDi9fZLkcSvMGRXKcmiLKuuYj4sgvK": {
		"amount": 1,
		"mints": [
			"DavUg19zZGzSgkTBoegQYGXSbU2wTEDy4uoxuL7EgGo9"
		]
	},
	"51nFw5VWrYEwF9W8HaeRxp5uc8BcAwg3KcJz4CWRY88i": {
		"amount": 1,
		"mints": [
			"GKPg3XFiwGUoxJSR4XeqoUZgwQwcPmGQQD65Lja24Kyv"
		]
	},
	"HnuLGbwpFdwjaeMwDmHfxdqTa9JZ9X2LW39YGGpm5YaL": {
		"amount": 1,
		"mints": [
			"8yPqkLcrpBFzT69y8DE7jcGRijUdAF7991YhNQ5w3yMo"
		]
	},
	"3PK5cJ5yfvQFyAK5F9z7ZM1Ny9zxyKZtLHeVvfP42txN": {
		"amount": 2,
		"mints": [
			"47Z5cRutH6U6sToDSeiEGEx6PbehnruD9FXJvH94DsJ1",
			"DewwwNiAuzkn8bMYUEuAQe8167THnuSRdz6nmU7MSer7"
		]
	},
	"38s9A2siWiHXZtirwsSt7NGrr5syANgLzrkHf8Gpg8kj": {
		"amount": 6,
		"mints": [
			"B3e8AkJXoLDwtZsnK9znWgj8aHiu1WPHHB6YEZeyr6R2",
			"Fgj9zpmhbQuJtuz5ZCDW5ggBRVievEXP2vVhvNmMwnNr",
			"5YYS83ZojfK7DjSjDmubDmjudo6fdvYeD4ME5dnCgzfp",
			"22wrC3RwHtjBTMFf8cQpBCeznHLmHFE1vob4EzWZbQbP",
			"8yrKj1qLbX8FrdjhBRNBoEah9q4K69GSojDp3z63JpK8",
			"7QiA8AQm9Ra2mP5ZaRvUSfAKtS2t4Tkq1v7WQ4AJezxq"
		]
	},
	"EfyAALSNTEXAXc7juZs3RsQdYTy1Q6PcH9JxikJ3qyK8": {
		"amount": 2,
		"mints": [
			"BkPnuLS9yoZ1YerrEj95gH8gQYxv4EjM8zra15odVqaw",
			"AxTdWXWTtDU4vDexAzP3PCe3gnqz5xobfmJCxRRmVsFP"
		]
	},
	"PuBLJigEGVUmkyADgvdS9JeDYbN9jrtwNnEK3W9gHr7": {
		"amount": 3,
		"mints": [
			"2TpfZtawhGiCuncg4CeJ9DAcM27Xej2NkpsaLPP1gk9X",
			"3sjbBeA81WuS2Carrg37TSpa8FzxRTgp6rXkb4gPZiVk",
			"ECvpDu5zNx9ansA4iPQTVgWSLVXN8PoTuNUNoMkNL8fz"
		]
	},
	"A1gdZXnVfHNqLnF6rRbSmiqNbs7DJfFZEEgVDJnK4SoF": {
		"amount": 1,
		"mints": [
			"Fbon3D9r88jMmNxr1VCCX4qijrX2DSbae9nFwXhT616Y"
		]
	},
	"7hwKZWevE2rzhfwYbquvFuGbTbTHNucSYh4rFg5QtCPA": {
		"amount": 1,
		"mints": [
			"5Azb4gDmB5pE49cNefSkbf4EgipsSJ54kxdPVPNoJwiT"
		]
	},
	"5wYAxkPZHjNbGmREnmxM77dvGQTA93R7mD8mamzpHvdY": {
		"amount": 1,
		"mints": [
			"DqDvm8BUoCVDBxdP8N8Guto9kAvEfDyJESzFHTAScQ3Z"
		]
	},
	"FtNpB7yDuf56GQ3RtuC5pG2kAKrLFDPMpzHZCwaheC5Z": {
		"amount": 4,
		"mints": [
			"EEuiZy5AgxuV1n5xzLySVpHbspsMc2vM9rPgtaA8hmF9",
			"2Dixkj3VzPFpjMD5ys3gv4MytakSgkqrFvpRZaWXsUcZ",
			"H3qLiM9NQEoBHR7NdRiFQ3GdaLBMpTH5pXiHs5j5t89Z",
			"8HNGcPjjyJKNxXpoBnbS5pKKtTdoDB4hM669aKctJr5x"
		]
	},
	"Ae3xp1szBVhtVJEKWpjXADYBYt97qGGWJ9zSk6vrxAWF": {
		"amount": 1,
		"mints": [
			"BbcP8TnMHuLr5mkSaEtadqWSMiCnQ441XFJ2HfPoAr7p"
		]
	},
	"BwHTDyFCkWjBnstwPq9aaxdeZueuUZLk1quGuA1pN7ZB": {
		"amount": 3,
		"mints": [
			"8G7fT3DJXD2xuAECB8bocVpCLhtMebMVfefdXTFUUuG8",
			"3eWNXhXgPvkkPC9Fbzar49nd74uBcJx6sjapejhppTJx",
			"4LYitNXEi7WrY9K6KSxJ5zZYCpDAPxZXcu76CoEweGtB"
		]
	},
	"GVh51WbU4xHMaaL5mdUkpjjoAjdQzukfiHS5vYZ9YaCA": {
		"amount": 1,
		"mints": [
			"WFizvzRAutEiXxTVpAGW1ThsxduxmRaMXcsMhAZKVAt"
		]
	},
	"HFmdYyyh8nGfzsbnRRPb1PdKQ4X5UWG1yTWiTGDnwnVQ": {
		"amount": 3,
		"mints": [
			"CMXrVz5Z3BmYtzTjigoMF8VyPXSvjFKkCAFpFYiUWZ49",
			"7nZe4AGHjUVs1TDmJ79VidvejACHpdngGhcaSSHqjP47",
			"FfFVw5Y84v7Dfe4ybXubciqmpwRUth4ekNn8F8NshvRB"
		]
	},
	"72UY6JQX3Gvhevy2MRUmtR8WhQKgKtPbrxNrmrusRNzu": {
		"amount": 1,
		"mints": [
			"7FnzYADfx8W5wcy9Jmx5nSaNC15yUR5UQp7Ub14yMZGn"
		]
	},
	"APSMwZJ7zmcBaWuzkZMCkFCD8TDeu1UqbfwEHm3jwWGQ": {
		"amount": 1,
		"mints": [
			"FBaoNffEZRuLP1UJqsdNSbfj65SKd7Mczq3bLsTaPw5E"
		]
	},
	"5JQZpgEBqg9QUHJ9qH8eibJ43nXrQxkvsGWtBtxXSe8r": {
		"amount": 2,
		"mints": [
			"6geZE4TUUNygprS8zCRHXWfmhy73gRXy21L9tuzw5oxA",
			"6Y4BG76xefAKmuyKDhaZoUueoNvEUe6V8BTPCXV8ZHSF"
		]
	},
	"FdTkmBFrGFBzAgXPhbdLKF4vj4hNWitx6Z5J56opvMw8": {
		"amount": 1,
		"mints": [
			"sk5Y3dXD7PzugiMQGYfpPhecKNPYecVbsyicukCeZmH"
		]
	},
	"57qq2vvntY1mATsJJn9PMuxeJjjDcGiYXDavYTJFTyQJ": {
		"amount": 2,
		"mints": [
			"GfGsiuDAFu1bW8ajpT6dPV1pUnu13g7xxYJo1qJR421m",
			"6E6GR8PmB4AcwGw1NAv2gksxnWU36TDpxLymtt2EEj25"
		]
	},
	"E9Dski3Dq97ai6Rh48FGXmm2g31MxojeDJzZmfGdLJXT": {
		"amount": 1,
		"mints": [
			"AiaSA9kDdBFbTWn6qvMwAFVDamBEY9FgXNfAYRQ3sT3d"
		]
	},
	"Ea61shMEfqJfU9pGSkTc4doaEaHZ6G4zr4MnQPUEfFKG": {
		"amount": 1,
		"mints": [
			"BazAjZMR7VKWUwGMY8vsRwd77pftzfU8TSWRor4kf4N5"
		]
	},
	"6jYbYHRJDBu7jeA9fsxAuHgXXFodTMUD6arXQzoAZzQw": {
		"amount": 1,
		"mints": [
			"CVY6yYA5LYa6BW5DSoMYWhDZT5qxKDfVVByLKNoSoBum"
		]
	},
	"7QfEaxpgqHn5cMM2PEGkFWuWEYT9jPGdvtWUQka9C1FN": {
		"amount": 3,
		"mints": [
			"GEe1tsjqYdG2XTegNa5Bgm4LtNSAdhWgthkEJ9eomQnC",
			"ABQ6MdhwX6tqPZPkVs1Tnd3YPf2wtMsK6rd3R7G5T7ZF",
			"CGimenrMRv4YJLuMoukJ3P5NpM2wbogCnAkid7KVH6Wb"
		]
	},
	"9S8pF6rCjrakCFQPjeCc5HdGBuzQSeW8xXY2NVEWHkMx": {
		"amount": 1,
		"mints": [
			"5p21puLMzDSGEPRxP2aVCBrxKPtvm7XVXWKKxbPJyP3z"
		]
	},
	"35AtuWPpZtatrzJ9J5A7pTwmMAUpFkNGP66ZxB244E8E": {
		"amount": 1,
		"mints": [
			"A6x2kVvzuiDjmNHqXwvvyQCqRZokD8YACWmmxjWm5TLC"
		]
	},
	"FPuHoeK7jVUuMoNqUnfPCfpsU248M2FZJfHaX3A2kQTS": {
		"amount": 6,
		"mints": [
			"46rETg4D9ozik4vaw6rXTxbbqBr4pCTVxiWAVTEXeK5C",
			"CXBAm8x8cWCXvyDxpCyAPGdgAmPAT7SdqDs2Z2PRvvw5",
			"2bgWtN82yBm6GTr4K7P8Qq4pTXEghnm5fU3Qk57pMZrL",
			"7CnpzL2F2ZF5BAMW2dXB6TjtttGSoGp4QNr1NQWBjkz4",
			"9ESURSn55g2tAZLMTjJPifkG6fVDVggV6tbRHiq3jfbg",
			"4uqpx6SLpkVPt2smAyz7xJe8TWz8cBHZF4fney2bRHL6"
		]
	},
	"AGeDcUbwAQnwtwK6CauGw3iK6Muk9EHhgWEfgWg57YMe": {
		"amount": 1,
		"mints": [
			"BAorvXMLcTxSujGoEckWtBTGAftxNVxjjDiNsU8wFi77"
		]
	},
	"FXksCBRVkqDksBosiLoGVqeaJsAJurYhj7gpz6hWHN7i": {
		"amount": 1,
		"mints": [
			"6DbEdfAz2QnUWaJ1Q1rZ9632FFzuzbgmn5ur1LuNrM2p"
		]
	},
	"5ddNsjzwKLED8mhLAaHxDVWAwZAJ5z3vv4RowYByRWxs": {
		"amount": 2,
		"mints": [
			"55sEQZvf2iuXytW83hKLixLaF196FnjAdjKJjR8C8VNq",
			"CaMAbx7Vdz9cRM1LdYgmLPhGmcH7sgXGn1pzrGvxnAbv"
		]
	},
	"CLefX5Ha1UbBTB6G6zeoWVi746h6x9eTqo7n7eC2UsnP": {
		"amount": 1,
		"mints": [
			"88picpe6shsLsPnbTd3cWeDuuj14RAs5XJbMqbWYaimc"
		]
	},
	"AepQ7o8EEFceqdsxSibKyVVEbfbjrFeHSS7WJ1cXmk5": {
		"amount": 2,
		"mints": [
			"AjvBw8PfwYNyjV5KvFG1FNtmhfE9JX1pCWVXwNW4oC6X",
			"HxF9NrywQwSe7rDcMYMrVrmfPMmAi6JcTooxLq5GDTEh"
		]
	},
	"CQTTmKFSM8injf1sd2uGLKN9wHDKLYZnts9RZLyVdcmZ": {
		"amount": 3,
		"mints": [
			"2N7fAmH6qzPaH5P5LrhkmLx2Db9UwB8g1Hng6DW8MWt4",
			"AziY9TxwEw3q3KjSxD4LyuRnhPUXabrd6UC9GeFMveMa",
			"D4PKFoqofESWWgPDpN5Fis3AuorG3ddSwUm8De8tsnyF"
		]
	},
	"D5cnGmWgUiG9XCkVSjPuZ8hqCeo5Qe5hDg2AWUdbJea8": {
		"amount": 1,
		"mints": [
			"AHWWUoxdN2WrcNDaAEqvN8UsEZvtMTmwrw7aNEaahzpV"
		]
	},
	"EwzdQexc7TBUu5j4e9vxh4jrnjtyYCYLAVopKu3NNbXh": {
		"amount": 2,
		"mints": [
			"FRNB2FNLTy28XmPJq1zZdGJym2F69wA9LWq6LgzjAgFC",
			"2Q9SHEwovPjohPCB5KSjnru1u8md7VpKpd7ZhySiVwEP"
		]
	},
	"92WsDtTB5GGYANqrtT2vsA2FuPRDo3mSrcd99wn2WD3H": {
		"amount": 2,
		"mints": [
			"8xk4cDKSZuCbMJYgAFsdpu89dM4kez3DU2Kr8teBLp6c",
			"nSdpvu37ckRGtLvTPnYCuU6w2Ymdodr1fJMsuPTY4sv"
		]
	},
	"6ijGq9VCFsetg3pQ4SS6Gh3zuR5uU2rRx5w9Jh1Zferi": {
		"amount": 1,
		"mints": [
			"BCHML6mecyr5JYzx4MMZuBGgdndcXHd5pdg8GhRjRZRe"
		]
	},
	"F3XaTYfSfTCMyDETBaKnP5ZQQhszuRdzXfuJAN8QLpeq": {
		"amount": 1,
		"mints": [
			"AHjRmaAQyvAEwqnYzNxdhitexgRgWHn4AYYwiyA9Y1Ax"
		]
	},
	"J8rKVaKGvK6VGawYFd4esphB6gyt9FVGVHUX6nhyfzYH": {
		"amount": 1,
		"mints": [
			"8m4sfEHw1z7sspxYCGiRLnS89DQJqE6eWvPY6M4ST7zB"
		]
	},
	"7xhU1pD2TTUhwDi3Y6B8c51ZWmkTuEgBHQF97fT9X6My": {
		"amount": 1,
		"mints": [
			"GDEF7vdCz9NsmtA8xRAWQNB7jJnmihvHNKWG9GoP5nuu"
		]
	},
	"G2ZxxNqxwaW5wHe914VpbiRbD8LrkagTznqM4GjRYH27": {
		"amount": 1,
		"mints": [
			"96Sb1jB65fnWaX4wdWFHjfccgNvVJ7z2GTLraTDdDCUv"
		]
	},
	"G3xxTQEdbvRAfJGfpFifPMYgHuyNKsTFKH861JerE4DE": {
		"amount": 1,
		"mints": [
			"HVLZzHeSzqCwC9tpFz3ZE9csubh56AcKsbsPLX82yNhq"
		]
	},
	"97B93ZLYjCDbqJheNyFkeekhPZ2JqUaJFLWPz644VR1k": {
		"amount": 2,
		"mints": [
			"9qzeNXxNwTPhWNxuz6kM9yUWfBAr7icWFpo8Mj5JTbHF",
			"Fo9gsZX8sPfSVLgtr22Bcn69xGYpuwgMJTYt76cEkEzC"
		]
	},
	"41GzdUCHnuaCDdrA9fVGESTFcBDM8ucfPPiFrSpYwZi1": {
		"amount": 2,
		"mints": [
			"FT94PoXHB99AcEksum2x3m56SsA9gGf5335NyqsqVdSp",
			"2ahZ2yaFgHwBiYAmxErTTD83U7XJtvPky3iX1QcXQn3y"
		]
	},
	"ApwrDL5PC94mFSd1e1isQkbJdMwp4YDg1bvXSpx9xnWo": {
		"amount": 1,
		"mints": [
			"5ekCPYHkoP9joy8cvPjZctXwxTj46G9y6deRoV9PqK6n"
		]
	},
	"J2VSe9ZRB8DZYukY95QLNoUadEm2CrUWMRkwaKQxkGE7": {
		"amount": 1,
		"mints": [
			"mSp4ueykdVVNTTUrpyQGRxgat6dn5owApm7ZhuBFKwx"
		]
	},
	"5kgBECgNGRTcg2nbQBPtcBxcgErZwmU7qnqoZSnHoAy5": {
		"amount": 2,
		"mints": [
			"C1BdbDEa8WTCxYbv4cEsAHz4mFcJAMy6NyPj1VBYZ8mj",
			"5b6ggTYwpN6f2SQXjJicW1VAUvvMSKgbNf245fUad2yb"
		]
	},
	"4jioN1wAQjPuY1qfp1Ehf7u2PPgYyA8s1MgVXHJ9isVv": {
		"amount": 1,
		"mints": [
			"E4JTNHQpnifU3XhwipcoZD9oHg3GqmCMYdEVoK8WzpzC"
		]
	},
	"3yduPVoK6w2YiASXt5U8YooM5Ty7zQhUiq6mLXbwMVQN": {
		"amount": 1,
		"mints": [
			"AzpS5pccv58hv86QwaYEYyWiDAfG7GBWnCqfuuJHFm7r"
		]
	},
	"6mrG7Fss5JaBzZh6RCHEosfD3yALAR8oacvr9CGmPNX9": {
		"amount": 1,
		"mints": [
			"ArV4cPSrhTZuYneZuP4Gzg3WuXCm1R32wTExRF4qqzSY"
		]
	},
	"9pKy7fMKppskvQb5gjwjHCpisLP821SEs1mVfgdAoroz": {
		"amount": 2,
		"mints": [
			"HuA4JvA3Lji8XRP2HPx7iRYKSo4gMS14vrTiqrz3g5wF",
			"W9jWgS1Mb5RZ6bQT6fvT3a8ecoRSU4RctGSR5Jb37S3"
		]
	},
	"2dfu3EDVBsgVez828JpKMxgu5eSqXVUCaLnFAjpXQk3q": {
		"amount": 1,
		"mints": [
			"HZVhfuuCS1zD8sVRiKeQcW1Jd2j7dTfaFUroMuBCQqXA"
		]
	},
	"CBAwPxueocxSJo84Gc3ZhXvaNGBGsCnAyyTHutVwGh6P": {
		"amount": 1,
		"mints": [
			"29pjV5hy7XSg71VNisfdZmg8xofYdXfU2gk6hd6JNiJL"
		]
	},
	"HGmUaqCpNnC2fzek5MocKL23mNaNSzERAYuxsea1YD3f": {
		"amount": 2,
		"mints": [
			"6ebgucG5uEHep4bYcnhcSJrGaWxjsrx5xzZ1e9TwGm99",
			"CebtCJKPV9ANdbLuA4n2eoUyHhpkgcvCDxa5FdFEdRM5"
		]
	},
	"5ePT31raqe1D3wfi3EdSNv8jmQL5WjWanQ16ve9UmEf6": {
		"amount": 2,
		"mints": [
			"EJeN3zFbvMC9BXQ6JKBJmvFqjCuXR9b1jSbP9DGEdDEC",
			"FE3RubjSuTzv8zB9c2YdioiDammGd15he1avg4oQZdxQ"
		]
	},
	"BHna2TwM2Y8hJ7UfvGCkkUeGtn8P2BPyxgcvZz5sNmyM": {
		"amount": 1,
		"mints": [
			"BJ1sfMC1wHS6W7LaZifyr1JuvekpqP5AkZWXEg8PaNQp"
		]
	},
	"2RF6p5unHN8Zv74CgnvRRx8PCWknNDPsfBQxjqUjBY5r": {
		"amount": 4,
		"mints": [
			"2t1KJHJWMtQUuwnDTE6vx3LnYt47RkwoeNts5Wm2dgmq",
			"CuMMhpK7qPszSV5Vw34GJq8sSwMfD6GoWefdrmkdKREj",
			"7AKAqZ2P9jTnmaQcM9M6Tey84BBXn87LF6Gfes4PEzm4",
			"EMGcdyT9K75hXKW2w2vy89nJbZkfa2uTuGRcQyA6LHc1"
		]
	},
	"H7N6LCVrV8fFCnunQeJ4BrME6B9LN6p9wiD6hZL6CM9H": {
		"amount": 1,
		"mints": [
			"5gPm8ZjBzBjvDJx24LcbxGCcdQjMpdTjY9SmCnsoGBWp"
		]
	},
	"FXJjwMUtpoDcxtRwA2qRQegkpEqsrmXYU4KbXhDfL3xM": {
		"amount": 2,
		"mints": [
			"6aMDkJDbMkxudNGW5buAHupamLz6Uhb1oYeUdz2jPfL4",
			"6YHkHq79TbcHdEz9EW3gZJ3u967qG37oUNnDD8ekoxws"
		]
	},
	"8t18wAqhv2cD8wEf3pJT7QkqMHRa7zV35usjxp7PbGGb": {
		"amount": 1,
		"mints": [
			"9rstLwWGKL8kCaCgbisAThkLLFF1DMpknAEwEe17bmZm"
		]
	},
	"4bMW5BHxsUZ3pwNoLPvYRSvq9HcYH9tz719UK3JZs6ge": {
		"amount": 2,
		"mints": [
			"BsT88FYTYFosuEYTXij1VMpfrpFRE2krhJTLkctzC5HM",
			"HJysb2zq1Nb7y7eeTcajtYFjdhCvNzDmG7mA6tbUe3i5"
		]
	},
	"BkoPgJCiuCZQvwtJornY78bfe1o4rh4tfqqJkPVh3J7M": {
		"amount": 1,
		"mints": [
			"6E2YknMqmHutH83TztfrdtKARxWqk1866KQbiM6hi8kF"
		]
	},
	"8gpJoXXcYHKKe7ZVihEmP99SRAkqEmbsEb4Qr5fqFQga": {
		"amount": 1,
		"mints": [
			"7mHoPmaudp2afexwbKSmfzkMKgnW6qM1avkm8KD5ajof"
		]
	},
	"HQESUWVRBqdqtRR71jBxz74V2mm4NMfujeaXtrnWGpym": {
		"amount": 1,
		"mints": [
			"4iMFMqBwZvTyao5ycVsd28LdshvKK7cyZe6qaVXqkaqW"
		]
	},
	"AFtpNtvxehFEvAr1ns8qQGFcwStKqoXthqMEHHZH4GAo": {
		"amount": 2,
		"mints": [
			"H1xxWy1RcaLxY878bbvad2bmqgPEtEt8s4DapEdsBfm3",
			"2k4pcyEx7LqX35w6N4j9SgnSzmDR2KSVuWHZkz5M1XqJ"
		]
	},
	"2wedVJcYKoUovXggPkx6jU7ToZrYdihzMD7QijmmYkEQ": {
		"amount": 2,
		"mints": [
			"9UJhRF1eNVPmfXDZ1aEfYx6ugeuNbgurpt9QScUZBTcF",
			"A2cuz5JgRY58ikkQBjPSh1MonJChMEE5qwacQ9tyBat5"
		]
	},
	"FNdeEpwHiXy8ZynA66Br5eTRPwCixWYRUCAbcPwZTA2t": {
		"amount": 1,
		"mints": [
			"EXqdx3CFzFJWUV1jAc7JqKofydGe4vcyFjkKkWWCHYZt"
		]
	},
	"4bFbJ3jpMUNkdEYBvu8sWTbU8i3rGHc6dqK2Gd8tdycm": {
		"amount": 1,
		"mints": [
			"DAMmEJpbr5E4JpRExV26U2nTWP63Dc3EyxThABiuofgc"
		]
	},
	"E3QaEWSarg4GLUk81bEhExL5AFtnUvaZBtkEDxF2tRz6": {
		"amount": 1,
		"mints": [
			"GyGgJpv3UMn7Rcv8t53JT9PgeaSfg7ZiAbiaAJYvriD9"
		]
	},
	"BHu3j4LJmwjpEM4vvHxFotVoDP8sWownG2HHMkw3FSLP": {
		"amount": 1,
		"mints": [
			"CjCu68sAZ9UPZgtveBPofTTLSCTEd1R5n1yXDnRkD5wL"
		]
	},
	"23GsTEe2xdd3otjkNfY6wwZXVbPsGAegYTTFn9chiBNs": {
		"amount": 1,
		"mints": [
			"3J6CFBqqSXqx8Y72TjpxQVBa8jbfxGwenEWocgK9Ghe2"
		]
	},
	"2p7LiTA4k98MnenT7LccWN5uCCZQqPjoeDSebsi749wn": {
		"amount": 1,
		"mints": [
			"12CG1G5TXkMd5oER41GWfhxSWqYMoiqxa7ReZPQXEcxv"
		]
	},
	"2cnRa17J43PKVnk47zMWwsPtVkBoMqP8vi23kregK7E8": {
		"amount": 5,
		"mints": [
			"6xHeURdGAubnPNo9mz2NjiaTJEDVC2CVf5cyGKv5yGmz",
			"HjWoXjbQynYHU8yuB3cAde8tpiQQtm9vGeC3NKwQNEFi",
			"6L5R8BarSoviYzCrBr6nLPYJtgHCtjzSsvTPqr9hKvXa",
			"9KaBnuo69XCYwsXJe8k3wXbYQXHBMEbJPwdECKcZusTv",
			"E89fuoYQ4maCEgfVP4UYZESuG9VsnZ6hC2d7S2iuu6qx"
		]
	},
	"5teVpxsERcfTDt7bSshLo21N4p5tRYfhNhL2b3PePCfy": {
		"amount": 1,
		"mints": [
			"F55N4uCXqTti2z7d1UyWKtDibzoXXVHLAy45CtXeJWkd"
		]
	},
	"8tpWALkAiWYQVoVgQr4mhJ8weHb873tSo2Uu1DZ9txF": {
		"amount": 3,
		"mints": [
			"EAyyEvudzb2NPuXPEWKDcBzatyHaQqYtxw2RtTZCDz4y",
			"5j329227fZd8BCs7arkuYXcLPZT9QMbCWHu38wmDopQY",
			"33a3LJJD2CRZzfxX5ZWD3LHifgo1rFV1kca9n1vFuztT"
		]
	},
	"8fWvbFJu4YptDp3rDHVVAMNXQJrXEsetd6g9EUuKE5KC": {
		"amount": 1,
		"mints": [
			"52kt6mmJipFcYDjhEbzbWEZ1ZieVzLYanXPbfDPwRMHX"
		]
	},
	"2YkTbk9ceqeQeNLhudstKLTkCYoMGuPDbXpkoLde3KRs": {
		"amount": 2,
		"mints": [
			"3Tw3EQshJaWfUp3NNj3bF7YEbYai5C739UmTBBnSLood",
			"FC6gQLKEuuWzNiFfdK6emp1maQ9ftagkvAc73xHQoV2C"
		]
	},
	"Gf63VBV8AyFZTtwGUp64jJ6hxgB2ee4yWtqUeV366MEK": {
		"amount": 1,
		"mints": [
			"HEfbmMhu74RZ18pQFifYTkauvaZFaFAUNwEPj8fFF9ck"
		]
	},
	"2FJ2Ya6qqxH5Ehad7KkhiP48oVwyExwqSoumkTGVytqs": {
		"amount": 3,
		"mints": [
			"1MJoABbb4ZdMzg9xSK5AsWvRVDbah3vVmvmQBfRvnoU",
			"3K7Ev2M7h6R4vStNeFdjLh8HSMt5GgSvWTHkGgDrvPmZ",
			"3KNLnBLguYXDNqXLVLNGYSViRNQchh6z6ay4xX9VkXAY"
		]
	},
	"6jfBeDgkUq5dL1inw69dGAngpJoqZp9Zc7Lq3iEz62sX": {
		"amount": 1,
		"mints": [
			"Dw7Y4Vcn87Aen6LrezyXUgZdQjiEUXowyNTLnWt65jsY"
		]
	},
	"H6My9iJq7rMD2HFJdQgR8X4RfcG4hCyaCYC2W7qjvZig": {
		"amount": 1,
		"mints": [
			"E5ZTQu81vsjs6oP2EG3VzTrEsZaDqf98WoFoLQLtPNLD"
		]
	},
	"28adDY9Pq1BaPNB4yoACE3HeLUciBZXEY3Vvot4XGDLd": {
		"amount": 3,
		"mints": [
			"5HSmrNNm4z4sBMVUd8qW6o4TjdszFuEYLzjPAX48PnQB",
			"GVA2zcJnQNWvyNh3zV6Lk7GN5bEmxWqsWLanTdYmaCxr",
			"FZCpjQACDamsGN11FLWSjMWTt6zCjoRmfgxFBVPEnLGn"
		]
	},
	"6ZrLRu56rQSHhMP1WksToHTzSv7AFio7gm4duMriCan3": {
		"amount": 2,
		"mints": [
			"4EtFTYywRRnSYMQUpQWV4iaak85byoTDh4DduzV1Gj2p",
			"Gqb3wTy8hLB59e4jjhSnG4u9VcdGXHcbQHXmJdVr6rTV"
		]
	},
	"8sBUC613Vkhtj9DfCNezeK2GUJgkykPb6MLxqKgCvmbf": {
		"amount": 1,
		"mints": [
			"AC1KgZ4jn1jiTZgDiJznG69Qh5JRkJYc5bGkVA8J4cy6"
		]
	},
	"FtX77ptpseJTdgbJgD7cwFaeHVmKVvPnDdvjHfTwQEwb": {
		"amount": 2,
		"mints": [
			"8PAV2Q9yqDV1CwKfAvEgWCKQ5qYUoewdLPDrYdScZ6co",
			"7WE5ME6eX2274KUXVK8sniPa6emoRTHKpriFidA13gHi"
		]
	},
	"43BjoJGPz91QBmV1zSCVujMv7stjEh63ZEkHphwC92KC": {
		"amount": 1,
		"mints": [
			"55dzMKfo5YZYUKujUavYin5jv4fmtWYSVaG2Sdj4zPDX"
		]
	},
	"BmkoWuHYFjWAKjdwfL5cMXqQ2NsBXsZEnM3Bu7rSYs8k": {
		"amount": 1,
		"mints": [
			"6AHQA6EPXmN9L5f8z9ySDGM7bMffUqoUWRsMY2LNo7uU"
		]
	},
	"7TkgFVYT3SJxGTcocmf5ws35eooAAeyUPDF9wFezVkud": {
		"amount": 1,
		"mints": [
			"67V3uoRRzWonSanYq1NCsK1PU5ZWRZReYVXMrT1cBJSs"
		]
	},
	"EzasAUgQXhbrVM5U4kVo8wTzBn1xzQn8aEv5a7HYNApp": {
		"amount": 1,
		"mints": [
			"J9hQr6aCM6mWkgNvFRQ5dRMWpas6MBFPcFyZjXbGSLx"
		]
	},
	"AS5w41zGBx7hNpwxGQq6UMukXBqRBJacF7AfsiaWBd6H": {
		"amount": 2,
		"mints": [
			"2A8sfnz6DepSJWuRkcMU2cBiM9R2RGjuC14dZvZ5PxiV",
			"2rjHXPLEdsvJfytfpEDjxFhuyQSmVkfSDDKW79hwEWJA"
		]
	},
	"58M1iKTHzBuaZXzuacfUNzwpEsg9YVZ6wZuwmFsbWqjp": {
		"amount": 1,
		"mints": [
			"AYxQNh5678wv5iNLe2fReoyUoFFHHgC53KgVyFtioNfW"
		]
	},
	"2SXRCG5GUevym56q6mCyg4fwWQwL4dMTcp6TT2WW42GS": {
		"amount": 2,
		"mints": [
			"HXVFC8xozh7QwsYmvsU3SVtCjbWrwHrxKJ596hgPZknZ",
			"Efxa2WQnKgKKVbSYBPvEZHQP5TcgWoBzKgcNCNmEo5s"
		]
	},
	"JDQAgz2LU7bowySN2hL5aHmgtBhR39ik6Rz6YyHvg2Zc": {
		"amount": 1,
		"mints": [
			"8TxWHh7mT3jcMx3TxxabmNaw1VGsF7zrcWCQq76ywYms"
		]
	},
	"6L5pKDWXSnJoHbJRiTiEenr2sBc4uDqFC5cJYjLQejuf": {
		"amount": 1,
		"mints": [
			"DYUCVRqCjm7uzL1eLzhbZkX4tJhgRxvUuBH1mGcueTSy"
		]
	},
	"D5kC7BBDYTuZ2zdnz2RuXqWeS7FsV4yUubDqtPbeQqQ2": {
		"amount": 1,
		"mints": [
			"HkvD4XtEuv8kAJ2L28r9Lnx98vjgqnHMz3CMoQfXvfMM"
		]
	},
	"8DSuv1qQZFurJxVfYkWUb8opbydWotwSZCE5HBaqx91z": {
		"amount": 2,
		"mints": [
			"5fa6eCX9r1TxsnMUtEZN8VCs9jSgGsi912huxyT5aAZQ",
			"Gxtv4dXE23uZNfVoFDzLUSQ37DAdMZK9A1wi8CY95Ha"
		]
	},
	"GfxcPmjW81U23DMrwwsmwUXRu5kQsGHeGyq5sCGeGXpw": {
		"amount": 1,
		"mints": [
			"2wrQkd52sTAqabEWRtjdsfuWwWpvMhc9fjKoHyR48ptU"
		]
	},
	"C3t6JxPsthkon5pWkg5zhAToPAkWNE3wTccmpQqEN5YZ": {
		"amount": 1,
		"mints": [
			"BBFdXPGEDAyS4ZuuT4zEojvFTctQdGSpumcUYXhKVENg"
		]
	},
	"FSWRxxb8rXUgNouYoZhcB6FadFLmbWS5LnX6aTKwHMQM": {
		"amount": 1,
		"mints": [
			"8ZUM2qAJAma8fSjEzAfTZNymUrRya2KrZFs6aUq3pfYo"
		]
	},
	"9cH1PP8Fau9aERs82nipgBU9WZe3AJ7Q8oXtV2gt9gfg": {
		"amount": 1,
		"mints": [
			"HYkyvsWuY6ho9hFoE5ma16TQwSNYsRePFi5MUWkHg12M"
		]
	},
	"EQ15TgUtgRA6FU97Kx2STM8nFiHGarmdCUP6rFTf5cBy": {
		"amount": 1,
		"mints": [
			"Gz5YJnihrWQ4V7DrqxL5DfVq7nvPSdbMKfs8LsLrbPQr"
		]
	},
	"FNzJnPgmPGxs5sCgd9KVBxDkBkKuduR8tjq1GZqUUtRF": {
		"amount": 1,
		"mints": [
			"9YLaTsrm76AVAbmMaqYkYRVDioHJV8TppXygMyyEpDMk"
		]
	},
	"AtjN32GpwvkiAVdToVNnyTqpjtEJSWFDMzefYKQBp7oq": {
		"amount": 1,
		"mints": [
			"8SiTWKu1tQEvVc29xMyQjUt2TVzJL7Cfp7565gWcpGJG"
		]
	},
	"7E3dBpqYw2HuEWYqE4g9Fpdataxmz1dZ5x3frzgKjbvC": {
		"amount": 1,
		"mints": [
			"jQTek2juZ6M8RX6iDmyd8EVqoHwanXLrUjVe8p6a1eJ"
		]
	},
	"5gN5yYr9eTdw3JTqzYfzdCo81jkFAeHUz4faWBAPPut4": {
		"amount": 1,
		"mints": [
			"BrcEZxqqgCkY51ozeaCtvtC9XDifiu26rmAGfeLa64sJ"
		]
	},
	"5Wn9F3T8fETG4zZbo61oiyX4i4eFsWf1zK1BSGPonJH4": {
		"amount": 1,
		"mints": [
			"HpkA6pCCjYFQ3eYgoM3T7yT4HyyiA3BgqxQis8eUGGhC"
		]
	},
	"8TicxnVAUjQzd8ioshKFMmZcrxVx3PwhJb8kZMwxVqU1": {
		"amount": 1,
		"mints": [
			"9yz46HxHrCUBJFXJEccC2LLHSYW8rUrWw7VMVGVNEi6W"
		]
	},
	"4G9KtmHYdxAzdyJLPegJSF6bn8fM6GifumVXB4jow6tL": {
		"amount": 1,
		"mints": [
			"ENQDGFa9zvgtKXdzGKTmZPoMd1FT6pAos5KXhhS6Zqat"
		]
	},
	"Gkngxrgn3UemyyTBXoxgqHLuQk5TRFrnrAQJDZkYvAUZ": {
		"amount": 1,
		"mints": [
			"72F8BVw5fhe8otRfaESq3Y5nDjUTnRANyGWcxUhUVvec"
		]
	},
	"9isExPNhi9gfJTHPXKdtPDCaNFhYX6xTBBnPKfcVYDa6": {
		"amount": 1,
		"mints": [
			"4xJmBbYib8fcDb8q8wHwGCcF8WBhfqz1Ls7vf929p4uW"
		]
	},
	"fMgAETjC8a12nzsHA7z5akGCNpVVxRGJdCwcebAy8tV": {
		"amount": 3,
		"mints": [
			"9NPgxYMx1Eu9JxawMWxGr9gDeja3gVCEacitopPUfz1P",
			"EMjRkSRxaemr8ZT9va1JXHoxRysNq9W3BVBpRJ2zanoS",
			"AYwLiqVD4n6gdGgdBAxTq6xQ6DMCdMF9qin4zVf4rEif"
		]
	},
	"BE3Cj4rrdeSDG8pVNhexgTae2ic5VQpc6RWFDPvt22ZZ": {
		"amount": 1,
		"mints": [
			"2brvjQdhVvGP53dMcw82ip6JUBJ1zKsoLoabdkjsDeSz"
		]
	},
	"GmN5mzwhwGhvyq72grhdu2ySumtW43383AFsMqgfYzMH": {
		"amount": 2,
		"mints": [
			"C1ymaZVMBKATvd1uzgFN4txqCpUqDVMWakrXQhzMUgtq",
			"4GfxjuJeVUdV4VhBGcLAFm5NPfb2iyfWTTPYXGaBeYyR"
		]
	},
	"a4eTqHcaFUqfgdoS7H2xRgRpoPoT2D1ZNuwJv2D1jDd": {
		"amount": 1,
		"mints": [
			"4RycT5MEk1WSA3xDd4D8WLxYadHV5CDnTf66eTzx3ji6"
		]
	},
	"92NeEPL3VyRzgYnu7fKypRd9q3Jho9FSBN6cK3B8kZRG": {
		"amount": 1,
		"mints": [
			"6SWu6M39xQsnZugxRVn4Wtj7M294oxMwjFiw6h33sj39"
		]
	},
	"3j49TX1adNRJLuZoiZbVzYvFCXpHwh8b23SzF7wF3Cnw": {
		"amount": 1,
		"mints": [
			"miBGyxmXf3UeJ8bRVSqDtoEFSoWrvMzELXyCYymtweP"
		]
	},
	"XGFZk186maEp6FtE2YMHNXiY2c9kTkUu88ofnnBm94j": {
		"amount": 1,
		"mints": [
			"D1HamvyJjZiUGNdm7KEtQZAkjnkc3mSKy1GdJyCkmi7N"
		]
	},
	"4j3FAdY5dVNshKMxj7PQLTedUvNxK1Xn8TDfKHBVi8i8": {
		"amount": 2,
		"mints": [
			"2Y88CithsywGeuVFWW1AAUFfvN5x6drPWtNuXJpBz1Kh",
			"689sfpkkth8ahaYVCpp6VpYnT971VENyoPTmKB2csY5G"
		]
	},
	"F4bXfhBcyuNi15WdJ3nvBzEprry56MUrjQVniaJc7uZj": {
		"amount": 1,
		"mints": [
			"DbrFW6P3NCQnQrKduJFxmyK8UzLc2F3B5K7FJwduQ9gC"
		]
	},
	"21ceqivCjKG87xrBtg2DJEH57LiUp9nSiLB2aKDEKCYr": {
		"amount": 2,
		"mints": [
			"28qEZv63hpchGh9roheQMCVEB8bPZgXqG7M9wBLLUSkS",
			"2nX4ktPoGg4XRfs4cPhEk4QVUwdbdXDst3kSLLVPY6W9"
		]
	},
	"At3kF2jz5ywrbfCHj3B61AktZ93PyJ7WGmbLn7SVkepv": {
		"amount": 1,
		"mints": [
			"C8XLsaJnG8Vogw3HZToegwpxrFzbM1XGv6f6aDcgk8di"
		]
	},
	"8qTP8apyPiShyLJdcqnFJSj9CQjcr6cXdGsv4WUdzUkd": {
		"amount": 1,
		"mints": [
			"7H9wJVLuykx2WkPTYXxqDLeTaoVshXLu35tUYc6Y5ZTN"
		]
	},
	"67g4tqaXAMFW8Qzfyij9J6EBUSUdeb4kyypuNT4Ho252": {
		"amount": 1,
		"mints": [
			"Bt7TQkSy1Vz9gBGGa6CKX6xW7J681FzJ83THFY7rdFhF"
		]
	},
	"CvPSqd9NF4QGyEXsMF5NYRgzo2k1KHUAZuuQJtiDXkFZ": {
		"amount": 2,
		"mints": [
			"y8a9UAxdqGPLqZSCmps3ZD1nYXe9KR1SkNTs9zuP2Mr",
			"7e3HaackbudqzdbZnyqfpHgmF2M2wktG8cDHDHQ52gjW"
		]
	},
	"D5HT4Dh1KzMcwf419fhWvcN2yNwXBm7LjQMKGFrGJsRT": {
		"amount": 1,
		"mints": [
			"JBrWCVXumwajxqY2yDhWHnHGs8xcp2giNXdcuiBfMAXz"
		]
	},
	"DdDQgaEV2CNzkAuykyVwTDjt3t5wcMg2LU4NHr18huVK": {
		"amount": 5,
		"mints": [
			"8P3xPdrYTxowost67UHonq5c5moWxe9M4jGiWsQhajCb",
			"8RsoLpBKcJcPCkznW3JGLzsyThbhKLv8EK4omW6wGwH9",
			"fDGdyrLGb3UTwqgdoyCrFaDYZo5Mr9c52Rqjw4CwSTN",
			"DjgaAMDvSRYXpT2Un31j8XygPTzSogxgYFaLYP95tMxr",
			"GfcKx8Kbn7iMVqe9tKe41MNFdGgXBXMF2PX7yuCmtdLY"
		]
	},
	"8dHn1wAB7JpgEwCdEcPorQZitRvQS7FswzkuVV5UnEbD": {
		"amount": 1,
		"mints": [
			"BE2F4XrL6He2yNphde98VybvD62S6npHcjWwa9hbCAEn"
		]
	},
	"C49cYgtxhLGTpWvBccicxiamNifdmpQXskuC7BB9RHbb": {
		"amount": 1,
		"mints": [
			"26v7ZZDrVE6DTtvepWHJW7oZkxFtu6rFofuRAUCNEehD"
		]
	},
	"GhKhdKw548RG5y8htsHGbBKty1VvWYdfbFLcmXfPs9Ye": {
		"amount": 2,
		"mints": [
			"9dqQE9rkWkyQCc5A26ZSBsav6GM9RbPEuJea5XPnwUm9",
			"7oEixjurMDsqJTHsGaSRhYMCh5KG11qgPoNvTAJhRVw7"
		]
	},
	"6WXEBcmLBxudjp67G939JbQLUv9yeGBcNccfqHvz1khE": {
		"amount": 1,
		"mints": [
			"HpQ8dhTuWT1BzXL7LU5V5uFU7MyzYST986JfhDnShtMb"
		]
	},
	"AbqQPHMbkXWvGP37u32CZh94dynqmuUcy6DJYLjM5bak": {
		"amount": 1,
		"mints": [
			"6dwY1bB8FyMh2Qu64d8zY3WPED3oqM5ycrorPHmT27TA"
		]
	},
	"93PoC6Atr18n4bY7ajfPHpe1SBrzDbYub8EPoTaLEZ8D": {
		"amount": 1,
		"mints": [
			"FcEyyHgFAFKkvcQ1ioYjixSFF1Uv6PWHUPxTCUL8simd"
		]
	},
	"HpTUTfPjUKDG4pNAxSVycMLQxpxcHueDeQofmABDSYiC": {
		"amount": 1,
		"mints": [
			"FAAsocBt8xnFgtpqzrbrL1XNYZ7cxNigmx8ieZz526jg"
		]
	},
	"CUVCVV5TujJxRnpuzZcvBQBg4jecbVdVfwRJHoeVzx8a": {
		"amount": 2,
		"mints": [
			"GEHVrQoLpkqef2aWnCvXZGFBiwcvHPmDDSSi6w31Wwzv",
			"HDwvauxYgdvC6obtptwKwqX5bcsH77Zejeq5Nmn5rxtR"
		]
	},
	"6i8xRQkuHQnFkXukCRqGwtW6UnC7gtUvY1HYepptGbn": {
		"amount": 2,
		"mints": [
			"AjA44N2PR2ZAdW8BRy1r2eGnMME7T64k3CWLrZYH2oRm",
			"6bm1iv3qH71kD34H8L825CrRyN4tPEg4TxKDaMc6WzVz"
		]
	},
	"F1ny4VPC9banaYzNJm3SxLKJj93Dm6ELXecSz4dF1K3c": {
		"amount": 1,
		"mints": [
			"7ya5DJGJKYcvX9i7Uo99tsquGuBWTWownpyTdcpdgjaM"
		]
	},
	"8pHwkekvrKP9DnKbduhbpc89y58Hf6Nb3ySReDcPaCx1": {
		"amount": 1,
		"mints": [
			"FbcKUT7VqQXL1KJ3JJ2HC9DpK5WdPNsTc5Lk2a8Nz3JJ"
		]
	},
	"FFf7wAytJnKY5riaMUTAeNtLy3FzMSZ2nkTwGY68WMfk": {
		"amount": 1,
		"mints": [
			"HZ3Kx27crYsSqfJkJNassGqPjjMs3BkbYhzrF1aaJ3LG"
		]
	},
	"55Hz4syLAnmvJmYeeUgXVUTBFvagkH72iRv3ZsrodaLe": {
		"amount": 1,
		"mints": [
			"FpxAApY8NKa6uCtWmU3PHwNNggDyHZWfqpS9QZTPRMad"
		]
	},
	"xXUDjb34h8VKWftVrBv6s2L25Q5Py7gtsGSZeicQaF3": {
		"amount": 1,
		"mints": [
			"GdfG5n4Z2Pz5PEtsqsP1MfJoF9GdQqtm4moBbEgjPCuC"
		]
	},
	"6rrk5qBjk8bZG9jgjtuvpxrvC7qthsBjq4rw6nfRBH3V": {
		"amount": 1,
		"mints": [
			"E9eQ451KfudaZdxbWzg31QEeZWf3u36x4bcUgYs2L543"
		]
	},
	"4SRhcEyQne1r9EbLHNSguDDh5Tz5nQzodEPCB5AjjeUv": {
		"amount": 2,
		"mints": [
			"2RxsNYYrRJvpiBbkfr7PZHSXBsHectXTLaUMkXNAyxWQ",
			"D8t4L87ALm9kXEvvRBh5pBCR1oDZCntcQBnBLHDJhBX9"
		]
	},
	"FJhwKbBcFHb5gVUEdvtUhrxiNF7H1XV9mwo3HCLz2twX": {
		"amount": 2,
		"mints": [
			"AGoWsqiii7DKCXzqEUPHLny763eqbECVqAEJhs8CxT4r",
			"9jFbnb48K4omiJL6UENKodnQoi8g1Wf1FGkAx7xQAxAw"
		]
	},
	"CrGetgidZWamJ2LLiZ68qU2Mw9JWgKhYSYvhux44swgZ": {
		"amount": 1,
		"mints": [
			"GvLg82wQaSBe4BNyMmy6dZYGvgmHF8CxiVWakbsyST8y"
		]
	},
	"6AniSbtjZbr2MQgZ5DMA71aZmFJF18LsyhRqBZYbGs4g": {
		"amount": 1,
		"mints": [
			"FRitv8HRkkqESij6qNdG4iCCoXok3DRmppi5gTZToKd4"
		]
	},
	"DDTb5PG7C7KehmZB62ko9tm5qAVWqBcSDxj38SMABbGz": {
		"amount": 1,
		"mints": [
			"BqHtrtNeqem9n8Hvm86kzvSFmULucpvcoRoXyxeSNNsV"
		]
	},
	"CVNeZhVeMriZhdVz8YaWTtLexZxtNWzzHrqdrHB1guZ2": {
		"amount": 1,
		"mints": [
			"2FQgAp8tFtT53iXhkQJEdZaHrDi7fNmVSLkqdWVHd67N"
		]
	},
	"EVCRqPUmYT7XDpjiAZpNXLaaH4dnMsP56CbxPQgNGhm8": {
		"amount": 1,
		"mints": [
			"Bjj7ZNT7oJVSmkbWCfV6RryGnRXR1xYg7drWrqaoqAus"
		]
	},
	"GmKz17KDKZAvgcz3SyX8XjrTV8Zk9cxMXPKu2Ck7eW6C": {
		"amount": 1,
		"mints": [
			"FEV7uAGyKuzRdmL1yfzy7hA1eJCmaNLkCP4cXTCWDgz7"
		]
	},
	"E6P7B9s6joNoWQNMekodMoQUVdCkpurCzfTAWHkXFpm3": {
		"amount": 1,
		"mints": [
			"DT8L2YfEKmUgmTgamtmnSt5rxqFLCS1X3PyEJT9BZj43"
		]
	},
	"2TNaGZwntxzWnn7VfbVFk6c5fduVXVF2j4C7bSwfXvXG": {
		"amount": 2,
		"mints": [
			"7gNMxMdUfoxHvUd2sXziyvjXhHxU24DaiG7gm5F8xjJh",
			"CS7mDnoVjWoFuroA2Tra3y2R1EoxApZjWB66JNryy9ca"
		]
	},
	"HSUq2hPDiqn92dYaZDtp59S5nhXjnh6jB4ujstbm3RC9": {
		"amount": 2,
		"mints": [
			"bTMj2kfi5tzsSHNDuaAjQhM8uZaWhtGEGe71NY9PkcU",
			"DAprd7Ny7YpWTU5PH5jw2353Ai2pr2n3m3R9PUncnnZq"
		]
	},
	"8Ybxn3xB2ZE6fFssEy4D2k3fGvMfQJjjgyoFq8tYrgwc": {
		"amount": 4,
		"mints": [
			"Ruz7Yx9cakvcSxLTCzrxPg9Pj1KKh9228nKgNninn3A",
			"8RTJuZXHYWx1zhWao4i4SfVoVw21QGu13q7LJ9NvASBK",
			"HVgsR1CvLhT6zXXUBPjdbD3759LiZAzY44dyNnVZNzn1",
			"E1QMrPYATNVBpJHzNuGxacK7X7Ey6LveapEgRCYJbFR1"
		]
	},
	"GoNHodKjQadrzzo9MC6FyjYKfmpjwzq49uyKfwi7GiWq": {
		"amount": 1,
		"mints": [
			"9v5CN2nUq93oMbihxSxordiKEkisRp61PWAxVzeZtCjq"
		]
	},
	"34haxAHHD8XiRRdX73rXBKzgEjaErFvfo7tLNjTFAt7X": {
		"amount": 1,
		"mints": [
			"2z4UkMHahiBZTPQBCnqeR5zzF81p3amhzQPnfb55jBZv"
		]
	},
	"wZbuQL6tyAXYM6JecjoDQMUmzJCA3z1hYxFCygGURFv": {
		"amount": 1,
		"mints": [
			"BBPDt8p3ejP48rYtkGWhXf4TJh21xFGS3a1AQ2fTRYtL"
		]
	},
	"E264uNDj1esKQZ2HMSNUfkBp6u6SZDJ3ojNpbZy7LEj2": {
		"amount": 5,
		"mints": [
			"BuKWqevK853oVnbfVHT9Xx2zo13LE5ucG2uWSYLqiAJo",
			"BDjRWhx9c9aTfcuhuUFnu3xLNtbS9FEfG9cwwWURKdxY",
			"7K21T2HWrJK9SGYrrJfwzPSDTdH1iaExom2ncg473jFY",
			"H9Y33ndoHdRBQrAye11sgxvCESf8TTFzSmdi9RVphijT",
			"DHQtm8ngbDKbAyawhFVAHKu6TfVHKYYapT1AXE88FdGa"
		]
	},
	"6N2tNNyfqjovpGmLiyib7xZAagboh1PAy1zubDiVg76W": {
		"amount": 1,
		"mints": [
			"9YJFPcigy7wEpiV5HeSEHM8Mm7CJmTr7hvZZtYRAbQ3B"
		]
	},
	"GzHXciyYDyUUtstKUSUpfE1yjbQQHv56Fdp2NweLXUMN": {
		"amount": 1,
		"mints": [
			"GDQXwf4JbsPiRbiFoDqSveoSPBF28SXscZCbU7Lpf2BC"
		]
	},
	"2EBrZagMXgi8G6GJMJUafwgSmzyjG1uYRUcr7yovJYoD": {
		"amount": 2,
		"mints": [
			"7g2aGuoKtrveNc4aaAEDQTv6JNFm18ivGtPF374k34vA",
			"HA6hDWjya7Vsn3qQMznofuTNw2kXVFfWryaqLNfAuncE"
		]
	},
	"DFE25MhHRUtA1X16TV7bnLC6sZW2XCqBFTJh5bZt5XhT": {
		"amount": 1,
		"mints": [
			"9phv58mktcXpNjEDKoxzXmRdjUqHpSc5NGFBGVoBfYXt"
		]
	},
	"AbmjZ4Z22yunAMF6WDCsvLiYD4nVzdsP7vW1NgNXPJg9": {
		"amount": 2,
		"mints": [
			"6ES1zdfbSbANhDYVD6MjRdt92ZvBWBe99sXGwiKytzaY",
			"AvQaYjg5hpRLRzbtAuSqKMaEk9aQXkycDcczGhdQ5vKn"
		]
	},
	"6qFKdT8HUR3iwhSvvj7AwP8VDaPoCJib88um1QnqsHyo": {
		"amount": 5,
		"mints": [
			"HU2NK3RnfdRWY4AnsFmoMadt3qbGwBcLGPXyn19yAS4c",
			"9maboJeiddt92TDtSsf7aHZjP8Hh5xMQ7t9LMY3LiLfZ",
			"3rmDy5pm1kgYYdRtEjjxkAKkd8cVLguozhig65YNEZEP",
			"9pLtYG8n7S9tKwa8Bpv6pdfef7DDgrCgGeHEb8LUFtgX",
			"6s4mrNpUW37rSj32xcPBafLrH1VdgsSQG7RAuxKb55qv"
		]
	},
	"AUpLGRQKj8Wkq27SE6qvZwoViwviSMdAxWj51ejohjkN": {
		"amount": 1,
		"mints": [
			"GJbVFLfV4Y6ub7e7KgA7kLjJkbj5Xjw6CXNroWz9U7y3"
		]
	},
	"AoQxX2XfWVPsD2jGqUmaRPXDFUGmyj8aTP9meF72XC4F": {
		"amount": 1,
		"mints": [
			"CeMTi6BLu5fe9BEMjG8g9ocrBtfuBwHJ67fTPz2tU2uQ"
		]
	},
	"ECtu6mYYZi9MgkSGBjPU2ebLcLAEXxZvfEvSzAwE8oHW": {
		"amount": 1,
		"mints": [
			"E3ozXjew7SMd2SAGP4SUrA8eBqbGqntJTKiZJVEhCJ2s"
		]
	},
	"ATwjxwsieGKJB9oed1pdxoUSXqtios1ZG3MHWB42VCgV": {
		"amount": 1,
		"mints": [
			"3g1TJ8Kstib5Pyh746Y43zFAR3HuyDZbv2iDu49VPZ7k"
		]
	},
	"2Jd1duAzk5inm4pEbUrrnxcWTeLer8G47NVyntU8aaUP": {
		"amount": 1,
		"mints": [
			"2CcRkfUEQzwxqYjmwg7GL6YQoFVrxneY93vgEiSLQjqJ"
		]
	},
	"6FHR5uZM99Dcc2pyAhwS2UyDSxzYkjBmkWVAXG6vKtA4": {
		"amount": 1,
		"mints": [
			"EuCjxM5HmhfSyC9RNUq5akeff7Q4Vxv8Pgifjx4C1WXh"
		]
	},
	"Dknn1nUAD15hXbNsCD2fM4dmHGxPhykJvfFMjKWxLKmT": {
		"amount": 2,
		"mints": [
			"CJFyxaxjXT7S3xS2Xg4776A5w5k4tsSvMNqKCq2Z6MT8",
			"GQHe55kWpagGZPLT4d9iT4C5Gd9YUvVCzKQN9ReKjfjz"
		]
	},
	"fh3zVez6Der4WjWBrkTK1YeKRJqcSNocEAynGKpt8Ak": {
		"amount": 1,
		"mints": [
			"3SNi5t3ACtndT1495rxeicrbF2fKLwNZMY87ZKcqT2YS"
		]
	},
	"H7h3XCgXrNe39PAVsLeVfFUyF9aR5VVnBrfjC9Kst8VT": {
		"amount": 1,
		"mints": [
			"5wzVaWxpfFHF7oP3epdK92T5Bod9cAQTdkpQATTsYuL8"
		]
	},
	"14H6uR8yb6RHZtbRdAegViBkQd8fZs4mwLNLpjTYfdXi": {
		"amount": 1,
		"mints": [
			"5Kk4Bimt3sEak7bVa3RJ4pb8BvxSo1mq5qGho1rwyB7w"
		]
	},
	"6R5EUQajj8URS9s77azV9Td6uiXcdgNDTPWGeePSMLni": {
		"amount": 1,
		"mints": [
			"DFJaRGhMWqMEMKZTQjjdU9zXSjpbxBR3dDUef2d2SHGe"
		]
	},
	"8UkouC6rsvnFgmg8uUUBXXFbCd7BFr7uJLYxnZoPX9t7": {
		"amount": 1,
		"mints": [
			"3fnFMMj4rW9nkreAcPWccqsBiGng5qh4BCh5LhosEF8A"
		]
	},
	"56sa9wHKRfJencg41bsyw8Cs91iM7cDd8toJjM4C2Dsm": {
		"amount": 1,
		"mints": [
			"HsKbyPTHdeVQQ1qRyPrgt1hgepP5tH8RCMeUFTvVmETh"
		]
	},
	"CAobv61L661R9252FjDfREFgjaYnJnjVNfkZHRmYcK6P": {
		"amount": 1,
		"mints": [
			"Fq8caHYDUY64XYDYqUDEhVKyfPQCbWxppnS9LP7i53jE"
		]
	},
	"6SYsDBV38TN3BWN6N2a78y1vpiYPfDB6HtyW4xGnVcQB": {
		"amount": 1,
		"mints": [
			"9krdAqBjXNMcbk487oZGDPPyGbjgXZwuqfn6wujVXnkP"
		]
	},
	"9dSvaexgfKrWtuFfR3AgDbeXeTHZC1GF1HrUEeaZ4hYD": {
		"amount": 1,
		"mints": [
			"Eqjao1ZHdqfs2ECCkANWW9zQqaqCZzNh95fRgnHmdP29"
		]
	},
	"96n5L4rhdStrFT7VB6iyFXeg3gNs8qGCsiqSJRSnfR7y": {
		"amount": 6,
		"mints": [
			"9paNQtQCJkzrwoDsQDp4gVbPT6Qfyo8x9WPFsJC6Hvup",
			"5HPNXZA1gdb7VamUCCSSqAj2AFuDBWDK7YYHL5W8acVc",
			"6MFwma1R8PFz9hDfJW98txTkvq8z8JDYEGr542gzgcL5",
			"4ohKh9URcXKbCfk94fGqmnWWGju5tCsds5xUJEw67uLd",
			"LzmEtNoABoG2LL6WUqJMWZTD5emxqmSauUrJ3yeCj85",
			"Fd4bGBEzdd7LdHtk6AptvxgPRLYMa9qvqiaFQisFERrk"
		]
	},
	"9akePztUmnd1vX43SkjD4qHiSYC8qq2VWCMtvgb8DvVF": {
		"amount": 1,
		"mints": [
			"Aj3e7qZve6VvBvv4WFD9SL11wapKSTy67UiuvwFKGYGh"
		]
	},
	"C8EG1k6exXRqXPw6ZCER5p4Fb9AKKYc5gpQXFZg5PyJJ": {
		"amount": 2,
		"mints": [
			"HD4WmBMGQ2hLVdkv4yiTS1k2xpK7uap3EwmJb6TuBvET",
			"DagFjTPuVtvV17qLoBK7FXVfE93figmWaa4MdC2H53Cc"
		]
	},
	"8LvSd9LZH3HTMqvwyF9uf8JEVawiCw4pL6Fm88F4QUUJ": {
		"amount": 1,
		"mints": [
			"ATPwSGphLuhRTYX1PUH28GcnWoxUVpMsN7YG9ap7j8W4"
		]
	},
	"6Xp93HaTbskhj43u9LHoAYQsyp28WACgHwd935fikJ8Y": {
		"amount": 1,
		"mints": [
			"DhdDnt8NiWUyiFgkzMtDzciJWRtVvpPm2RC4oKijQjq"
		]
	},
	"Cwxxtmxu6NdFEACGEEQjDiwYthB36Rhf8PQq33bkueQQ": {
		"amount": 1,
		"mints": [
			"DcLfHg1EqZdhLNcjJphxi3nvvX4dQ2zEcAD6UTwYVAKa"
		]
	},
	"GcfEZZXooCD2et17qbg29ujwTxNCAUtzXu7DDhJR3cA1": {
		"amount": 1,
		"mints": [
			"BhmxU5z1kL2Vnz1jz9MX8Qg51SbpJ2WZHRUerCXMYS5J"
		]
	},
	"7j1Ry8N5dFRtiSzfnUyJZYtvAJQMQWzFMcB2BnwsSa6z": {
		"amount": 1,
		"mints": [
			"Aaj9jFdTbWKmncMNJtzxLAQLVE7jFGqS6TT8wdeWUNdM"
		]
	},
	"BmpbnbHPLJntHK2uFACEPTpVqqWX4Sderevj3qhGsmM9": {
		"amount": 1,
		"mints": [
			"Fd6nbk6Zpiy87Ks4Z3WdfaasLAkTNseM5GUkh1DnG5hN"
		]
	},
	"APaxnwCASaaxuPbxj719hGYmxwxShukuAcwyyjDg6fwL": {
		"amount": 1,
		"mints": [
			"68iBDQDgttnaH1A8Wm6G7xYfAhzNK3AYBPwgCkLoCwDz"
		]
	},
	"47pWhG6zNoc2XMRMC8Qs2GMNiTV9gBBCza7zooDYX68q": {
		"amount": 5,
		"mints": [
			"2TscDnCdfJT4wiWWivpi1LqMugJafCq2wmouCFqufFXE",
			"CegFgE1YYCyFc5wzJJY8zPNhd2nXFku1C7m6rr7ZByf3",
			"9eAXNQWCJjmFmko3PvmNRdscqsfe5TSZLcNUAaHQKSzT",
			"DVMMvugccFwJkUF3SwwUk3BKJm1FNJrG1t91iikzfRNC",
			"J3q4b9qbqFGz5GFJ7MdigrBPfCTM3z7J3RCoAs27roT1"
		]
	},
	"9dpkXQxUbGe7AeZde3ZdbAV5JAajrUXidkUuvGEQiaWH": {
		"amount": 1,
		"mints": [
			"9ZssXPoq2mPBS9DgJtt9v1gkoq7jU1vFT6fuPus5BJHw"
		]
	},
	"2Tzay5eJnL3n41UWGAusrUVVrsrtsKAzgHrKwcWMc45H": {
		"amount": 2,
		"mints": [
			"864t19UesMXJptKvDj6fiYbZ6VNo2NSFwhpyHWmvKVFd",
			"93b1pj1SobxWYjh9gQFEyjsPnmRYtLR3hH293xMETeNX"
		]
	},
	"C2ZYy33kFgxMRUfZWNRJjZLJRGhwnoeU4nFH6H9Gjt87": {
		"amount": 1,
		"mints": [
			"ApAgTaNf6oZ2RLtnr8DHurR6rt31FWUWePhHDWVh9UeM"
		]
	},
	"GD481sZsdgp6zCzPKYjhvYcSeUpm2GFU2yhPpjGTezEe": {
		"amount": 1,
		"mints": [
			"EZ1opcP2jKUVESXMNqDxaCfeJECXV8whEJ4gE4ZLaa6M"
		]
	},
	"E2rrBsM5dxLBHNU2hRhwGhctCxZy5bv5wcSWUTBCw87i": {
		"amount": 1,
		"mints": [
			"EnuUNrfbniq62pF182gxWzFFoWTsYqLzWJKxtzRSqdvx"
		]
	},
	"HQVrAbyUpUEbwACcNFRf9BGkGBF1kwbe5QgnZF5q8Bpg": {
		"amount": 1,
		"mints": [
			"9fW11Qio64f5NHGdFJXRr3Z4K9v4iphfZkNmmJr43u8m"
		]
	},
	"DWABUg6mfQqy5i4B6Qth5x47gCB4sKEq8gpbRWcKsCqB": {
		"amount": 2,
		"mints": [
			"G4hn6CxQyAiSs3y6s8TD1dQftdPkfw2c1jvuBuBMoJGQ",
			"HUa3Aj1AMWubQfSWwC6bTMRuxmuuxoU2UibGayMiZBsf"
		]
	},
	"G34GvbBrz3X2ax2qsQKKWKWE2CkSnorDmbKuTkxfbRQ5": {
		"amount": 1,
		"mints": [
			"HdDiV2vs1qyQJDpbe5Hr1aA4PpUTFnAwf5kR4Aw44hVS"
		]
	},
	"FAEPDARdBAnAHoYCoD58UmA8BiTDcWaDEuwNFrc4uWob": {
		"amount": 1,
		"mints": [
			"J2ufWRcZM6cWumjd1xgyWvy6yAiuXUafB3QB7fsraDro"
		]
	},
	"49MN8PugzfSCC975sJ3ExS5oRFQjn3nZGSo5ZVuir6Yt": {
		"amount": 1,
		"mints": [
			"6ouyw3wesJBs7bTRV7YUcamUyf6Tvrdv3ebxbYzn771s"
		]
	},
	"F1WZc9YvGG4rXvAK8CnTKV6jea4vvfekKbqzZwpo91qG": {
		"amount": 1,
		"mints": [
			"AUJoEXRwrZwh7g1qMxARrpNz6HGzqjST2meMMKJULF3f"
		]
	},
	"FHmccW686VakABxHr26yrUKTWz3G7B9QzcZuwuLFm2yo": {
		"amount": 1,
		"mints": [
			"HQkC271DjwT5U7rymACyxVCKwFiuhEhaaHURZDdSbpF7"
		]
	},
	"4k3T54k23DsgUi65BYj52jyo3zN4ZhvKLjaVSnhkNHCP": {
		"amount": 1,
		"mints": [
			"EjYK3EEAc6JkvwVJ711rZ8KsXdMfjtJUiaap8aTGkAhw"
		]
	},
	"CLhcxUfiUA6pmLkKYQu5MhDTEUVmDkAuVvbzspA5tbj7": {
		"amount": 1,
		"mints": [
			"7r4VL5FtgatXQejCtnvi7CUxsrf8dgthDnE6zBzVhiRE"
		]
	},
	"GJvYMU1tX2a23hy7QoY7pUgRogp56tfmKbUCy5AhsXuT": {
		"amount": 2,
		"mints": [
			"5SmD9xQSdh7k3GQXtHFDHoy8hyf2YCJL7K5yWGWeNKep",
			"F2pS9piUdue5UXF1UHQM5rzsG59obpNgWL3nG7F3ZtPu"
		]
	},
	"AvJBQ3noMK8w6ojoNtEztkrHUsxLiLNjcVXHqa4MdWif": {
		"amount": 1,
		"mints": [
			"SgX8BfXMoHL2SJ7Hr5MD6UoG8Dvadf96amjhQyE2f3W"
		]
	},
	"H4oD6mSUoJhXFXC3PVCf3KqKmwdQqjk4unMrB5EErD4k": {
		"amount": 1,
		"mints": [
			"ErBGRqTuhsf8PkopYCFBagzsSRAZjXNdJrUQGbH7KkHp"
		]
	},
	"EUEuJLVoCRkUpLhJoTTRc38DgJ2z1NF3i6TGPiE91Hdb": {
		"amount": 1,
		"mints": [
			"6HuzoLMmKGBfAW8ybf2wPPHSEdEdGdYvCXe6ffuNvrPm"
		]
	},
	"DRthwJU5NYVxtLYX8eGia5oHgz9d8g21MeUcLLvJHU3d": {
		"amount": 1,
		"mints": [
			"Fzq4Sp2jv3PBXr7QUKX3vof8Fx6qLNpePTp9ncEh4RW7"
		]
	},
	"akj9tyFRcUHnbENyfKMxPgiobtVs86FGKyFj6dRUFa4": {
		"amount": 1,
		"mints": [
			"EXEMq97Exm4PybHPD7HUQE2XFULFmd4HqkZMuGF5DaFj"
		]
	},
	"27qbTHe7sAU37TMxdLqqqDBoafkc61KCwYa6XXkiZSQt": {
		"amount": 1,
		"mints": [
			"Gm7g3V2D5GVPNc6612cG7wy8n4BP9SfWE5TL6TSQHc1d"
		]
	},
	"7DX3TLEu5pvNovfbm6AEvew6FV5s5fxxPEU4a6bNPj4x": {
		"amount": 1,
		"mints": [
			"4M8B28ksLNivTcMWihbsFuh1FgYjxWBbYg46xNR3NBev"
		]
	},
	"46yD3jsDEkXLWgxHZTBCKpspgPFgfm9Pz5ENJcHFgW6D": {
		"amount": 1,
		"mints": [
			"8StN1qahLmhZe4oS4cbcD67q7YywVUFV6bXRYz1zVm5y"
		]
	},
	"4x1Jsg5qmzHi6iDNTjMaSv36tH2F1VnGbjqSCFbTBkH2": {
		"amount": 1,
		"mints": [
			"3WyHuiqr6tutH8WPoR6W97rR1rZtWEFr9fjuUPTzujHv"
		]
	},
	"E383WcPXjn1o3GPWpNPTLUQfztnfweUct54DJEHjMuA7": {
		"amount": 1,
		"mints": [
			"4cS3ioueK5gKMqTofewgKLEQuUrs6wj3gbEQrcrvj5Qi"
		]
	},
	"2DHQfykNgMV7bDnycuydvYdJAD7sQv9P4U8Up2q8j7ZC": {
		"amount": 1,
		"mints": [
			"ChsKD87odWqGerYKwMyGnH8mhPW9aSWZQ7J8VLnB1fak"
		]
	},
	"J63gwD2EFiiJb9TBG82joNG8R5KP7UKzWwbaimVaTTzy": {
		"amount": 1,
		"mints": [
			"GdhutmbX2tiN4kUxgussxpD6p4iMt2F48WJV6ppKcGE"
		]
	},
	"2d9QiALqEtrvtBTmC4BoYJh9paHqCEEomBu2Tr8K4wgi": {
		"amount": 1,
		"mints": [
			"HkPThvCWS8r4i5zJeY4iaXMs63WghQJLbbbiijGnUoS9"
		]
	},
	"3D49QorJyNaL4rcpiynbuS3pRH4Y7EXEM6v6ZGaqfFGK": {
		"amount": 2,
		"mints": [
			"FQyC2cAnVQP5tTNS4Gk4J9UX4jknWcM7vZB8MJ4U1hGX",
			"2NeRoooGTVSG4zE8HxkGca7DjPQEXcQoHsoZGsWgd5A2"
		]
	},
	"2VYBYphL59mBAMvtwpQ6xMCiSvmyWVDpEDXhvz8KxCBQ": {
		"amount": 2,
		"mints": [
			"EHTXP6EKbruysTvADPExmozZNQeLVpf8PBctaGcxKUiS",
			"FnSeCkckS3mV2ooAYw2xaPgf9uUqtoPjjiqrWdTppMHu"
		]
	},
	"GR9UzWsDN98aKkfJeVNdiFGUg2rEgH57bhQACh9bMh4G": {
		"amount": 1,
		"mints": [
			"H4S2CcdPvbjQS5qujo25tTZUDJX9hTcfwHuMfPQfbDcs"
		]
	},
	"EryWUBXmwcM1PFbB7LfvkPYPzABLvch8PereoCiZep4D": {
		"amount": 1,
		"mints": [
			"HiwaBcEahjrcaVDHVtqqcs54kzKL8828yv3dM3nCR5D"
		]
	},
	"5rFfW9f7mQdUgXmNhSiT4cYAX6sYk9WLuc1BKN5rHEQe": {
		"amount": 1,
		"mints": [
			"GPDFnoqR8RWFpBDjTNZWgpX3s9uKPmjzC7hS9G7CQUR8"
		]
	},
	"E1CcfoqqmNNMKsTSPdfurKS8TQNVyM99ZhJPZYpHY4yQ": {
		"amount": 1,
		"mints": [
			"BbR9jYJy79oAZyjnRQsdA9jJXyBFWZYZRd4WDCNidAVR"
		]
	},
	"4MRMSDKUkYmVkpkYz8wG5knBAuopZBG8EezKGG6YgBpo": {
		"amount": 1,
		"mints": [
			"H7cC1chGhDLN8qQ3jRRBxSe5xyibpD5uL2N7E1wReX8Y"
		]
	},
	"4ZQZjsApCM8XpxEAY5tXiZVEpR4PcZTv2C7CLeJm22CD": {
		"amount": 1,
		"mints": [
			"FEAiSiWwQFPynLhM3icr2KxFaJHrtdyaAXdU3u5ATVZB"
		]
	},
	"3S5BV8kRxPhyEHpBd5KwnKZH1RYcqrkhDmTNSARKhqJj": {
		"amount": 1,
		"mints": [
			"Cu3DfQJcf5XmQkb4m7CJdxS2BEQe9ahGn19EQxuDsMqS"
		]
	},
	"7Am1qdTrum8xYeJBZivwXwCG4dDtic5iWk7hLinmfses": {
		"amount": 1,
		"mints": [
			"3JLN4abZLzGL4Rovqu8C8hdg4NvkxMhzYbmVug63oZRw"
		]
	},
	"9w6fVj88cZXt1qeioEiknJVqc14vGHoH3Hf9sr5gQNNb": {
		"amount": 1,
		"mints": [
			"3fdDjSG3KCmqmkEexkYDAQVoNJvDGxi6SB2uGndvWYKX"
		]
	},
	"2vNH2NBupNz6YeqJvLdeCtUGAsBx6jaM1pnNX28GdddC": {
		"amount": 1,
		"mints": [
			"3pWwfhdbjT7vCYzKeuU39VqNqGAYHYxTL1udEFHTHKwi"
		]
	},
	"Ffw86mCjsiNNksvh58sA1ZyqQJiT13kfL2o9DYrZcDNg": {
		"amount": 1,
		"mints": [
			"DN7fTpfM7AneVs4USu8WniqPrSSx2rmvMF8dXYpdP1fB"
		]
	},
	"31qpcntLuGB53UZAK6xSMf38ENhmp8GLntnGom4vjrdK": {
		"amount": 1,
		"mints": [
			"81jKpmE21jZgYr3cH6Y9Z5kNtVpqN6SU6gYHbfurMTjw"
		]
	},
	"HSfRg8Z76M36mzKXKw3sWebQHT8g59KJSJEPYWSXHvTy": {
		"amount": 1,
		"mints": [
			"GvN1QA6RwyE9ysTyvRc76F7tDQHpnBrifPBJG8BrznqZ"
		]
	},
	"GjcrnKF5JgTetgLQZY8bh7o6dndvPDXKVo1BCXVuF1w9": {
		"amount": 1,
		"mints": [
			"BHYxqPW5ARfKhNDc3QitTwN51mLMWXri4dncMjn5vQMZ"
		]
	},
	"D6MTCevNtTBL2551h11hCDkWwQamupczPFics9CRw1kQ": {
		"amount": 1,
		"mints": [
			"3VEZo1y1p5FSxsVDQabwLcAY79u43eFvExPCLGVhgqSz"
		]
	},
	"5riVn7pBn8FjhJsedYQP75KgWRqMAa3bg3xcBJb3KNFn": {
		"amount": 1,
		"mints": [
			"2J9rGssDi965bwCu5gkRgHi2tqSACFXT1EgLW88irFpy"
		]
	},
	"2evwgNc1TPRGWBpkNDD9up2YKQe4tLjymcnqumus9FbT": {
		"amount": 1,
		"mints": [
			"4FxeERmJWCLqNCo11Uivqsj1hgSB1FZZWM1Qeyk59MAx"
		]
	},
	"2vyBZp2JGdfTZe1Dc8HCsb2XJaqArWviiqxcfSaNpbr7": {
		"amount": 1,
		"mints": [
			"4zyYwnZP3sW3VUQEMV33c5oru2dAwvfpHmrwUF4bNSzB"
		]
	},
	"6qqpmniGCv7FizJSZAUeX6ABNjZXa5LEHkKePHCAKhVd": {
		"amount": 2,
		"mints": [
			"3oKAHnEJ1V87N711jyveVs7RGnb7jvjH7QY2vwUcpXs2",
			"4WwWHeuNjrcc9rxFhNbLbNXJ5qKpv5g7e2udDBKGL8ZL"
		]
	},
	"6tSVTpWmam44DBZzgigBoDm32rPc8HuFYMi6soGZhKG6": {
		"amount": 1,
		"mints": [
			"Fpt49CPog2ZYnPEs61urS2xGVDnwriMGzyXmSScSGucq"
		]
	},
	"4vydxwtxcjHiP5vWcSSgkZgEX2BXEpXjqdMBdRXKJzVR": {
		"amount": 1,
		"mints": [
			"9kKdF6qNG1evTTkFSMKLrrnJP2p6tFKYh1bn4TfniS3Y"
		]
	},
	"5ahbZNwZngsm1ie6KgRhE3eLbF6r7UMzi8bk7PfbzeKu": {
		"amount": 1,
		"mints": [
			"7Y1WwnypqPb6UHn2WVrez5aAdBztpsASSSzm2dQY54BU"
		]
	},
	"B8r2EqZtFm4JsJdXTedudUWdtUSmX9WkpZ5W1ZPhSoQw": {
		"amount": 1,
		"mints": [
			"26SYasbmmD2Z1chmjCAXAADiwaBCrAMUiBAKF2HzxWa5"
		]
	},
	"ETfehveouJ6S1xbk88jtGZs8SazCYsPYWH7vBpp6HiP7": {
		"amount": 1,
		"mints": [
			"4EFMdFgUpfDHCWdBi2FpA8ySPLwkChHuBpBmRPv8qcTP"
		]
	},
	"ALEXGgJFp5PsxR9BKoFJ7NkP8Ag9bj3QtDg7KyWkuAi8": {
		"amount": 1,
		"mints": [
			"2g2jZbATp4G9FrwoRtPhafc4yaGGeBsd5z3B8j1qPfma"
		]
	},
	"CGBi8N3ynBUcRE5Mf4Na9sCtFaA3d1ExvkBjKy3BbGop": {
		"amount": 1,
		"mints": [
			"6bjYpGEzNjbivzywdCV4c3ErsPJnTuF7FHW5k44ZFbtW"
		]
	},
	"BpyGhEEDJ3u9arbF3NH5RTb7hHkfmXMewKo9g5xsBYKf": {
		"amount": 1,
		"mints": [
			"fHEWJqwbsWe1S3CYg8xg5UgYcdLDpcT7qrXLjnKQyhy"
		]
	},
	"7HC6kHjdYAfjoisbakAbP1cuu76qLnjxvAvTguwpbFgS": {
		"amount": 1,
		"mints": [
			"C4J7DSs8L7vr4Pp6GeH2tXzfPBpRb6h5cKcCJwyCowJ8"
		]
	},
	"CPcmWWZHCqoZHhFmpbbmN2cUdj4qqByYsxx4tfqd947P": {
		"amount": 1,
		"mints": [
			"HfwR7iY6HEycch11VvPbgWQmntkAseVmr4HShC7AuQCb"
		]
	},
	"Dq4R9FsHDJ2oPBz5EQfFvCzdDFqJ2weB1G3ZRbYbjjcE": {
		"amount": 1,
		"mints": [
			"CMK7JFo6AQoTbQTiLyyebdemtREDXtxSCJDstPkNLbBn"
		]
	},
	"AVmSauttQpbavBwT8NFqiNC3aeCn1tR9SDzSLWR2Kq3e": {
		"amount": 1,
		"mints": [
			"66dn7n4iRJHgz1uaw19ahyD2YErJNNbrbEq7371K25NT"
		]
	},
	"CfJ4qzSuNdpGfcZW27PDiJBUarR35pBVdmnN6qLq5R9j": {
		"amount": 1,
		"mints": [
			"5SHTNxUjrnooSBbvwRawmxEhg1QuGfN2NNvy6p3mJVkR"
		]
	},
	"8HYSSVnYQzFopP7yjKeBzBFfAHvD6zM2RUMRhYY2ocL5": {
		"amount": 1,
		"mints": [
			"FsDN6YnCoTx4AQaxs9jporfbUHQdTVFAi84u74LK6Yfj"
		]
	},
	"4orESDxgJJ31335H1hjrhWvQMbD1R1GTVaqnKxSKDgTn": {
		"amount": 1,
		"mints": [
			"6KgVdA7HDvvHMpcASLZWDDNpfymFp4ecFpnqVVJGL2wz"
		]
	},
	"CF1xckiMkLY53bZXox3qaR8iFAeFbusMWX797P7YSNr1": {
		"amount": 1,
		"mints": [
			"23dVjPoBccjLGNYYatTcA7hPbk9jogYHGpGUW42JAH3H"
		]
	},
	"qZpBEimF5bdcmoJafzYf9fpjzGPkCNFxw1wPB3uo4Fr": {
		"amount": 1,
		"mints": [
			"DmyntdevcV8VENv3bKYgkKXKoPERKJsj7eVysykvq9ZZ"
		]
	},
	"2YZmxKCnQPee6nvDutJyXDfazMcFG4xC2EzBJEjdmv7o": {
		"amount": 1,
		"mints": [
			"AW2rmbVaBpb7izZ9g7vptSgwiUVokTYcJd1Tg58Sbg7S"
		]
	},
	"BUbGQZs3kKo11Lt7NtYY4KxgMfVGL679LpJqqBVQb5Rs": {
		"amount": 1,
		"mints": [
			"2WBCjrkxRZ7KGN1FkJfd3hZ2HRz9b9w3ApNbWzaY7n1r"
		]
	},
	"6iToVpz4jHnmJKWkJggPEFBEgSXwqpGokEapyhjSJPMA": {
		"amount": 1,
		"mints": [
			"AwHre4gzJqjUZnHCo5ENF8ekE3xv8JcvLUGijkPqkqSS"
		]
	},
	"3ncNpAhJupwND8PWNtQUGJaUsf1QVqaMxzg7LuKtmfRM": {
		"amount": 1,
		"mints": [
			"UbxzdxuEpanfEnM7NKx5nRYCePn2SyStx5qvCjUcJMa"
		]
	},
	"EtLhmGYAKPWL7G7QNjjgd3suJ1rZRM8AUZ89TRX8E2EH": {
		"amount": 1,
		"mints": [
			"BP35i7ddifqFqrs6MBAyhRet68mxC8kK62XPfUQoFTY3"
		]
	},
	"91yW942dA9jfv9TYKzeaVUVkqua7PP9PCSXsAgLL8RAa": {
		"amount": 1,
		"mints": [
			"3wZdA1NKsMScn8g2nXC17cC5xMuJRpaB8rWktSK96EUu"
		]
	},
	"HCBSyUGtrd3MGFQ27PK5QwTJFDrKg3mujnRPU8x7WK9p": {
		"amount": 1,
		"mints": [
			"6gySVjGZHnW914RzS9y3FMWhq1VAidWwMAyompJ1f2x7"
		]
	},
	"BmsrqDcsqXkQRF7ancSW9GZJaPZGZxp3hE5S2FMVdnKs": {
		"amount": 1,
		"mints": [
			"9TeAir4SeKpCyQ5Ni2GKfdumxjvSPf92TwvdvNthQR5D"
		]
	},
	"2udSAsXxHFBSLRmAua3Vwf8fs3aaJxt4uXgRpFDa3wx7": {
		"amount": 1,
		"mints": [
			"3tcRYbuP2a85BuAhve8syk2HPAG8fkKXkB8dVon16uDr"
		]
	},
	"2oBXbWpMc44bquVoKcmA6UwtW3oUrVHLpjmhHiKhQQ9p": {
		"amount": 1,
		"mints": [
			"5LrcJLZX9C1E47FAn9T4BPBbNbTev2c4xAbUwMxsaX5q"
		]
	},
	"2qXae6neT9RLGFVC31ibm4qfFqvHLVtadWn1M5UAq29S": {
		"amount": 1,
		"mints": [
			"2j1vSoGxwd3xrdt99UVELPHJTWkbHMntKUQgHgXcCQcb"
		]
	},
	"DMS7bSNBd3ASPeRSDSqD12YDmsrTmUuQjx7X8ar1oPqW": {
		"amount": 1,
		"mints": [
			"GerA1RuJgJ27JBPsy2Ubrp8kd9wtKEZM4cbte941E8VB"
		]
	},
	"4w8XVD9WWF36QbTosXth4osFoQwxihPCAN8DxnRe52mv": {
		"amount": 1,
		"mints": [
			"BW4j3XnCe7JQNCKpt2NGqFKJyp6NgpHR33VdxfVqfFSC"
		]
	},
	"7Rp51HCQBf3TFivfqMk65pAKbtogwrUpEAtfN3f8Ciz2": {
		"amount": 1,
		"mints": [
			"GofogTER3AYtgWfRczMJPGdk5QtkXA6L9wonqcKET785"
		]
	},
	"8NhUw4JzKDu6Gt2fQsks9TsitsQLfkDgNgyiitSRyZ2a": {
		"amount": 1,
		"mints": [
			"Cu7eFeJsJgADJXoo5UmEL2TsebAedTNu6p9jCY6F18hN"
		]
	},
	"ArkHmwWvVYzN5JR3CJtBrE9s436pQFp5CmFTZ3g6gwad": {
		"amount": 1,
		"mints": [
			"3Sr74YH46byKVSRgST8anmAD2ceWVifKYKeokz1eQgKm"
		]
	},
	"HP31ynXBf9VFqH5rCcguqCCen5da1RX7YKPVPqgys8DE": {
		"amount": 1,
		"mints": [
			"7LjXFZewfVRXww6koigJRKy5fvxr3kyGBteTGmHkTLcd"
		]
	},
	"FPEGfZ3Mo36DfMH868v9SEb4DicaH1qzXH2xkWK3oUM5": {
		"amount": 1,
		"mints": [
			"3dYcH9ann2qmvdwQLiMSVxtMpvCNK8dieL5UKPTftnUB"
		]
	},
	"6bH32f6ceqgNWoeZY3BJo5vBSZhfcqNQsDsWYM5BTBQZ": {
		"amount": 1,
		"mints": [
			"77Ds1pmHPXrP5bTKGs3fgCeaH9pXaAHuLNUZicXxu4UC"
		]
	},
	"HmHkH8J3QyoM8xwEzs1FyifhpAt92cPFdN5oy1aHSBrZ": {
		"amount": 1,
		"mints": [
			"BAsm6khEXkAhr6JTJfAUoSugXNkL1fmVG6K1AKXMKbFg"
		]
	}
}